,0,1,2,3
2004-02-12 10:32:39,0.07418001939277949,0.09094475404601768,0.10940292188224622,0.05410474384748614
2004-02-12 10:42:39,0.0753817891240941,0.0934169536688873,0.10981474018532666,0.0561020177735314
2004-02-12 10:52:39,0.07622761795279173,0.09372015995635745,0.10986372641040495,0.05614637956518867
2004-02-12 11:02:39,0.07872550887324226,0.09294860244994184,0.11066160367029386,0.05680816349624759
2004-02-12 11:12:39,0.07847485144734644,0.09535010980392772,0.10750673459509393,0.05684149766868912
2004-02-12 11:22:39,0.0783107019714664,0.09240366114815836,0.11050952269898985,0.055567220129563694
2004-02-12 11:32:39,0.07863313071819818,0.09391974656515546,0.10739042396477422,0.05627979090230375
2004-02-12 11:42:39,0.07777286911807968,0.09324202904416266,0.10623431702503239,0.05550518777919617
2004-02-12 11:52:39,0.07902857118923585,0.09585974406268903,0.11058659100922037,0.055854558241484505
2004-02-12 12:02:39,0.07571536369604259,0.0947406566942666,0.1097730362532451,0.05546092326560313
2004-02-12 12:12:39,0.0792428736793189,0.09514460891863293,0.10602570430392444,0.05552452960064074
2004-02-12 12:22:39,0.07763912783893447,0.09332898493331555,0.10460279262903202,0.05477077135118716
2004-02-12 12:32:39,0.07740419179014077,0.0943827193391307,0.10442433724516637,0.05469114502198336
2004-02-12 12:42:39,0.07985841455545742,0.09483664357359395,0.10489663585679453,0.05625518016307857
2004-02-12 12:52:39,0.07921703904071795,0.094781239563595,0.10366524175330363,0.05563183547411197
2004-02-12 13:02:39,0.07866180939836745,0.09463317501989672,0.10472226236095075,0.056324186934995996
2004-02-12 13:12:39,0.07845498036790617,0.09569212359790993,0.10870511888238726,0.056175028872633904
2004-02-12 13:22:39,0.07762448814783195,0.09294026609163882,0.104217883094023,0.054830766987592636
2004-02-12 13:32:39,0.07782727773993013,0.09496844768123333,0.10523231736124429,0.055627022595620336
2004-02-12 13:42:39,0.07893448896101438,0.0954771500207396,0.10676337084582431,0.05476446956124498
2004-02-12 13:52:39,0.07903025212545657,0.0956674434145649,0.10562043691065622,0.05534632493995954
2004-02-12 14:02:39,0.07936517835135827,0.09608624273674057,0.10640108862107103,0.05524831391312919
2004-02-12 14:12:39,0.07948830599884454,0.09433669685573615,0.10653079092225962,0.05474978932047375
2004-02-12 14:22:39,0.07975488934928048,0.09625357713297769,0.10518485607703552,0.05664795943517599
2004-02-12 14:32:39,0.07938285813654022,0.0967425985668146,0.10800338394649377,0.05610482035210112
2004-02-12 14:42:39,0.07759267852655832,0.09474315048434584,0.10658607432402523,0.05549985317834202
2004-02-12 14:52:39,0.07774289367818069,0.0962431538618039,0.10562840470656347,0.05521930406641484
2004-02-12 15:02:39,0.07749551321266378,0.09513754232974987,0.10744228961600542,0.05549554447709667
2004-02-12 15:12:39,0.07828142402093517,0.09468371408626507,0.10655711093821289,0.05516497282929803
2004-02-12 15:22:39,0.07886195483443591,0.09587933213361065,0.10490910940613545,0.05524429142407381
2004-02-12 15:32:39,0.0785842161460955,0.09492174309078062,0.10487564178239625,0.05443272211077171
2004-02-12 15:42:39,0.0802328752641825,0.09489544440291216,0.10490264379895091,0.05681007858264102
2004-02-12 15:52:39,0.07742186274748619,0.09549269489372124,0.10425112791133104,0.05539257416231665
2004-02-12 16:02:39,0.07901360430654338,0.09626295863384653,0.10673178902655032,0.055982953377790357
2004-02-12 16:12:39,0.07823640180323693,0.09785468053627576,0.10813385484211581,0.05558616745912236
2004-02-12 16:22:39,0.07813061335856974,0.09524994118869587,0.10287585397041948,0.055628907243092586
2004-02-12 16:32:39,0.07686369614167532,0.09595649563802153,0.10628311480751844,0.055641378366050105
2004-02-12 16:42:39,0.07986476954895794,0.09652285711884052,0.10492282594491908,0.05646828378468375
2004-02-12 16:52:39,0.07743007632416737,0.09548550294939899,0.1074521913978628,0.0560914890104649
2004-02-12 17:02:39,0.07846076195501078,0.09679789997274099,0.10680428470894354,0.05663879908848398
2004-02-12 17:12:39,0.07859787160708069,0.09723507694492645,0.10718022424296793,0.05633276219647327
2004-02-12 17:22:39,0.07866279982291675,0.09512077180393153,0.10526399720174978,0.05577177286905508
2004-02-12 17:32:39,0.07763036492429501,0.0950394789737493,0.10299416127007092,0.05508123880509693
2004-02-12 17:42:39,0.07821064490099093,0.09458573622456727,0.10182078491081996,0.055517983980341606
2004-02-12 17:52:39,0.07809024292033795,0.09683578898234572,0.10702818791993206,0.05538111478119532
2004-02-12 18:02:39,0.0764835117825313,0.09472793004959536,0.10497302581723572,0.0558358143661044
2004-02-12 18:12:39,0.07890594187676953,0.0957883827927005,0.10704972414546932,0.05600521895347662
2004-02-12 18:22:39,0.07732182159601848,0.09449930041639693,0.10658568972137634,0.05572305966024579
2004-02-12 18:32:39,0.07824837190289884,0.09602551207713632,0.10460970434746597,0.05623023387051549
2004-02-12 18:42:39,0.07697023902896866,0.09471630883400509,0.1027237889452788,0.05521912941660711
2004-02-12 18:52:39,0.07847914948041358,0.09655305589248764,0.10489597971737158,0.05600088635392668
2004-02-12 19:02:39,0.07854133059946583,0.0961054983333567,0.10347409706829921,0.05623953847408177
2004-02-12 19:12:39,0.07938269758832975,0.09548834189912644,0.10423767502760649,0.05527050967477114
2004-02-12 19:22:39,0.07691234309864622,0.09581068361146575,0.10317636537119115,0.05730857456257705
2004-02-12 19:32:39,0.07662966668147303,0.09407532672280672,0.1052670258707847,0.05508224898308725
2004-02-12 19:42:39,0.07834107504534087,0.0963305551639572,0.10514030002612915,0.056422889054862556
2004-02-12 19:52:39,0.07738095059014262,0.09575653007704037,0.10446253753910463,0.05521440614574821
2004-02-12 20:02:39,0.07742523695630595,0.09500945979768234,0.10306063675517083,0.0543307461035334
2004-02-12 20:12:39,0.07599595820412076,0.09407932208351387,0.10218857188472229,0.054114328191803125
2004-02-12 20:22:39,0.0781273211774909,0.09716434056582528,0.1054767000092256,0.054245148713890884
2004-02-12 20:32:39,0.07865963234488732,0.09568574989284089,0.10591102640857429,0.05593333108484063
2004-02-12 20:42:39,0.07712209299159146,0.0956163373026686,0.1045979018916291,0.05454832044743376
2004-02-12 20:52:39,0.07930226054634347,0.09522695448245172,0.10424062062193357,0.05677766985471113
2004-02-12 21:02:39,0.07694280742876664,0.09602420823326038,0.10216687389076441,0.055603053825368016
2004-02-12 21:12:39,0.07720046383784337,0.09451773446824784,0.10593585208083053,0.05515266446224538
2004-02-12 21:22:39,0.07699520241154158,0.09572149635018629,0.10207812474732893,0.055701445298573876
2004-02-12 21:32:39,0.07744794754753132,0.09548543595704136,0.10481285935003926,0.05532195519412087
2004-02-12 21:42:39,0.07664234231276641,0.09583547161163432,0.10463742108865534,0.05504107597898199
2004-02-12 21:52:39,0.07695752603557553,0.09564838348015259,0.10402582109113229,0.054433741632705535
2004-02-12 22:02:39,0.07732656229390501,0.09598848573664125,0.1038382151264669,0.0558892763549944
2004-02-12 22:12:39,0.07577477318206566,0.09416232751500526,0.10348366413879533,0.055408799528493036
2004-02-12 22:22:39,0.07668891482931631,0.09648388439651288,0.10606552226998649,0.055796860249934056
2004-02-12 22:32:39,0.07740153901636365,0.09590024950117398,0.10387434704780645,0.05682026751029428
2004-02-12 22:42:39,0.07795638873659312,0.09790424841401202,0.1042319070336398,0.05570631486024152
2004-02-12 22:52:39,0.07882090394790583,0.09693807170350073,0.1061927423612446,0.056414113264317015
2004-02-12 23:02:39,0.07756203756587801,0.09489576240768442,0.10220263753971431,0.05621381822159686
2004-02-12 23:12:39,0.07689102069760251,0.09670437083523982,0.10419000108452098,0.05564665333024781
2004-02-12 23:22:39,0.07824818468915931,0.09559954299437541,0.10377343107143423,0.05519580052261044
2004-02-12 23:32:39,0.07672715714393953,0.09450028167927738,0.09953951057610616,0.055225081789660936
2004-02-12 23:42:39,0.07738400602764227,0.09595675287740071,0.10574325911140776,0.05620402413285893
2004-02-12 23:52:39,0.07698478018222848,0.09424325624273469,0.1056130931541085,0.054557258077241065
2004-02-13 00:02:39,0.07482445037515505,0.09448441590479127,0.10245242786574042,0.055755970605987415
2004-02-13 00:12:39,0.0773369662449091,0.09547998717314286,0.10344948755038484,0.055536451772351
2004-02-13 00:22:39,0.07679492318864688,0.09368301787035227,0.1012852530021366,0.0560926611953173
2004-02-13 00:32:39,0.0777235372307523,0.09635583554363826,0.10105847163012707,0.054887011776209534
2004-02-13 00:42:39,0.0773601995135282,0.09492145166623359,0.10194044002823441,0.05616249018668884
2004-02-13 00:52:39,0.07689363170768519,0.09394857260047479,0.10363194374630318,0.05495204840057477
2004-02-13 01:02:39,0.07492271650122052,0.09389532130961652,0.10175154842226448,0.05583314390221781
2004-02-13 01:12:39,0.07763214595419471,0.09586237301611755,0.10566401851542727,0.05661608795305588
2004-02-13 01:22:39,0.07778227860749701,0.0953101336851707,0.10530340947598958,0.05539625929804309
2004-02-13 01:32:39,0.07859100347643476,0.09547276767563044,0.10338422823329917,0.05485127915858725
2004-02-13 01:42:39,0.07599053271659492,0.09467728513081781,0.1045550549219964,0.055612900191487805
2004-02-13 01:52:39,0.07671275270806181,0.09501029419863471,0.10487388085360974,0.05500435772836385
2004-02-13 02:02:39,0.07503983902104737,0.09447886959340919,0.10291128464104432,0.05551561443825824
2004-02-13 02:12:39,0.07824792570941459,0.09567335005954783,0.10565782972074486,0.05531621804416764
2004-02-13 02:22:39,0.07745215440820094,0.09563427036193435,0.10208652399683771,0.05538126996329359
2004-02-13 02:32:39,0.07831733842716661,0.09562472301013059,0.10310816773005452,0.05605990914852525
2004-02-13 02:42:39,0.07656158184264966,0.0962049124268474,0.10198788452685544,0.056019820807085514
2004-02-13 02:52:39,0.07768042545237402,0.09490504196603947,0.10168524239016821,0.05640098662739493
2004-02-13 03:02:39,0.07571710593297769,0.0952933387041654,0.10336388408827876,0.05587367992887505
2004-02-13 03:12:39,0.07794810094379578,0.09486401353268,0.1025868867805394,0.05536686835844941
2004-02-13 03:22:39,0.07659419008376306,0.09515443203464939,0.10230546789000756,0.055781467336804474
2004-02-13 03:32:39,0.07640155219363388,0.09551806002023287,0.10417868823318148,0.055277893325473844
2004-02-13 03:42:39,0.07663364096457047,0.09610713742667007,0.10123441754303765,0.05555669284988115
2004-02-13 03:52:39,0.07728287965941476,0.09580793677997988,0.10167591815966079,0.055864057842592844
2004-02-13 04:02:39,0.07764152501440721,0.09660130738507268,0.1027160690893229,0.05617389621998825
2004-02-13 04:12:39,0.07682227220610907,0.0946468451360309,0.10257891122914345,0.0553059559815183
2004-02-13 04:22:39,0.07606356904886843,0.0955131821133596,0.10470531056564177,0.0549741283943137
2004-02-13 04:32:39,0.07604206451665985,0.09500882840287032,0.10239388550331623,0.05516240178625885
2004-02-13 04:42:39,0.07736151115619155,0.09458799998260876,0.10368085697717144,0.0568731801557326
2004-02-13 04:52:39,0.07650420545191423,0.09552926499626233,0.10322744530469594,0.055588747451307395
2004-02-13 05:02:39,0.0762754619200548,0.09331858297055944,0.10315988850241102,0.05477508313020167
2004-02-13 05:12:39,0.07797754537615165,0.09652217516887517,0.10516866114706039,0.05662541969963639
2004-02-13 05:22:39,0.07606591573303698,0.09494745129155929,0.10219575654064503,0.05535926723831822
2004-02-13 05:32:39,0.07680530728605947,0.09611728510889153,0.101607101024786,0.05474227155262151
2004-02-13 05:42:39,0.07551259697797788,0.09407405398506655,0.10373434577272447,0.055647562423452604
2004-02-13 05:52:39,0.07895017438642091,0.09537841190281163,0.10380656585874755,0.05614338597779974
2004-02-13 06:02:39,0.0772170368179211,0.09531098312919639,0.10448824970251354,0.055246343805117046
2004-02-13 06:12:39,0.0777600760369028,0.09702860668463642,0.10288452293623844,0.05650342332551471
2004-02-13 06:22:39,0.07727519798388362,0.09528599488555056,0.1040273851454426,0.05557934707673039
2004-02-13 06:32:39,0.07669188259330868,0.09601454886337371,0.10139235397119695,0.05568908890244404
2004-02-13 06:42:39,0.07812595145179703,0.09597363833285903,0.10447631457719117,0.05460110554373399
2004-02-13 06:52:39,0.07781810617908458,0.09466113461583979,0.10552021071287758,0.05572091748651787
2004-02-13 07:02:39,0.07918283114465788,0.09618172165361223,0.10232045667076135,0.05569828051271292
2004-02-13 07:12:39,0.07638806696242913,0.09382553967917624,0.10248867004061321,0.05455702715841365
2004-02-13 07:22:39,0.07713677295734228,0.09697496282652457,0.10336839861069447,0.054989420518526365
2004-02-13 07:32:39,0.07618609012241685,0.09470941033434425,0.10166089318890051,0.05401711238208801
2004-02-13 07:42:39,0.07635042963132516,0.09470043697017407,0.10228883975591026,0.05547521155106647
2004-02-13 07:52:39,0.07635389179872987,0.09508955226700445,0.104611621659824,0.055758896105001766
2004-02-13 08:02:39,0.07497030126380397,0.09423613968098295,0.1014292726892461,0.055087123640430904
2004-02-13 08:12:39,0.07599660459748965,0.09625482942231268,0.10459635803957201,0.055108086221979914
2004-02-13 08:22:39,0.07637276515732724,0.09520481749000079,0.10565986411642696,0.05533782845017445
2004-02-13 08:32:39,0.07616043100291216,0.09425986455807771,0.10217694711577795,0.05487603322410617
2004-02-13 08:42:39,0.07675101845531067,0.09500507027058094,0.10593825656860299,0.054822804289007744
2004-02-13 08:52:39,0.07775631946698361,0.0959239066601174,0.10356625011319051,0.05550805128104738
2004-02-13 09:02:39,0.07829099099799926,0.09506946658487289,0.10464735635854201,0.054893480521994095
2004-02-13 09:12:39,0.07771229403744766,0.09656765897241208,0.10467916425008883,0.05597868142481773
2004-02-13 09:22:39,0.07647470424700879,0.09609526937335314,0.10254871442402873,0.055534624657649474
2004-02-13 09:32:39,0.07780594248369255,0.096660309286576,0.10351621877366242,0.05620689286386876
2004-02-13 09:42:39,0.07521427340066252,0.09516809218332045,0.10022809695640693,0.053681292696848924
2004-02-13 09:52:39,0.0767828142648725,0.09511508702243875,0.10037591072211309,0.055327524060789154
2004-02-13 10:02:39,0.07740844203184652,0.09544479694120375,0.10389316548016025,0.05526224363930057
2004-02-13 10:12:39,0.07658399861071002,0.09499699019392963,0.1040433118595907,0.055765510643698134
2004-02-13 10:22:39,0.07677646779534243,0.09611448658231994,0.10445070676663706,0.054974994426626615
2004-02-13 10:32:39,0.07591271899568373,0.09461338237077696,0.10321683002159589,0.05557148197472891
2004-02-13 10:42:39,0.07588224716838578,0.09652983215829508,0.10802878265412652,0.054817306631245746
2004-02-13 10:52:39,0.07605880644728431,0.09558931863856468,0.10296418915929421,0.05517018226526161
2004-02-13 11:02:39,0.0756265677709888,0.0954929290932677,0.1020328595547885,0.05675859720223058
2004-02-13 11:12:39,0.07621279618450469,0.09413753907708353,0.10170996119774128,0.05505176749524759
2004-02-13 11:22:39,0.07680304550102382,0.09580081692380152,0.10260198174756786,0.05491863390879033
2004-02-13 11:32:39,0.07515974751075968,0.09452413398110647,0.10095158043760986,0.05509909924698402
2004-02-13 11:42:39,0.07893775644795568,0.09493294258100933,0.1043762463437939,0.05599435543183414
2004-02-13 11:52:39,0.07692340295618422,0.09592801235241177,0.10291600643289986,0.055033768360383366
2004-02-13 12:02:39,0.07648819750546257,0.09518206459813289,0.10465525359756939,0.056424772649115044
2004-02-13 12:12:39,0.07650888288691415,0.09510549807682846,0.10170211829296687,0.055102895285113536
2004-02-13 12:22:39,0.07740037694033147,0.094525976392212,0.10077277535886368,0.05472977756373033
2004-02-13 12:32:39,0.07848197146299894,0.09692515976786005,0.10538033192284856,0.056155488934280656
2004-02-13 12:42:39,0.0790476729348552,0.09576602502658269,0.10061102207306148,0.055344340233652055
2004-02-13 12:52:39,0.076683668909334,0.09409099498710263,0.1026969134779253,0.05469307084661407
2004-02-13 13:02:39,0.07731311714022139,0.0948115874825075,0.10340428055251784,0.05505837563686301
2004-02-13 13:12:39,0.07651384179818774,0.09443089952394611,0.10120202274020668,0.05584633930658296
2004-02-13 13:22:39,0.07852930721958092,0.09606743820481779,0.10232516253892592,0.05557318310659952
2004-02-13 13:32:39,0.07695520590578495,0.09450665989800094,0.10002499638759793,0.055507581518522774
2004-02-13 13:42:39,0.07736416404014682,0.09587070333219648,0.10394679494108676,0.055141832225760565
2004-02-13 13:52:39,0.07616969766851021,0.09488872411595452,0.0993367860382212,0.05465487158558261
2004-02-13 14:02:39,0.07762407674109068,0.0950890115275513,0.10152989219790037,0.05391614761987971
2004-02-13 14:12:39,0.07725526926830459,0.09589143187667372,0.10304590775207165,0.05518576382307991
2004-02-13 14:22:39,0.07768192561003323,0.09574546568342282,0.1035289878760117,0.05521301676749252
2004-02-13 14:32:39,0.07781901039480707,0.09560540327005786,0.10103161909054723,0.055737182187451655
2004-02-13 14:42:39,0.0772828019429051,0.09652980737118823,0.10227447179733991,0.056659715887596086
2004-02-13 14:52:39,0.07638810499735652,0.09395649233697571,0.09971996925969125,0.054315826372980956
2004-02-13 15:02:39,0.07818559555888854,0.09490168569499362,0.10169519502439318,0.05489840574077318
2004-02-13 15:12:39,0.07616286478183423,0.09485132531884798,0.09985438590122189,0.054856631878362136
2004-02-13 15:22:39,0.07534440933842135,0.09467958770167799,0.09976748837133571,0.05431738433618702
2004-02-13 15:32:39,0.0768925102193853,0.09480068991901662,0.09951339123411387,0.05551149740422941
2004-02-13 15:42:39,0.07548491382680521,0.09548365629552265,0.10093012789707631,0.05536055548024428
2004-02-13 15:52:39,0.07826251335805029,0.09535670155921162,0.10040514393865613,0.05556622579845457
2004-02-13 16:02:39,0.07546824031119803,0.09471702105659696,0.10021023776304984,0.055275608015175524
2004-02-13 16:12:39,0.07556167983408389,0.09443340795768655,0.10005676766566549,0.05591972047013364
2004-02-13 16:22:39,0.07667660957668002,0.09432462519775629,0.09797368080746699,0.05522006765541621
2004-02-13 16:32:39,0.07674560371662083,0.09479092930924622,0.1000673468224914,0.054879814884365934
2004-02-13 16:42:39,0.07612125768391138,0.09478761716485648,0.10237510222578547,0.05516777919688879
2004-02-13 16:52:39,0.07516364977028053,0.09386845570745889,0.09955796339615243,0.05432145838304942
2004-02-13 17:02:39,0.07809325122261139,0.09516022966567968,0.10187006063305112,0.05581882126717317
2004-02-13 17:12:39,0.07635662221792608,0.09506494293976836,0.10281625044958384,0.0548876625550485
2004-02-13 17:22:39,0.07785968923376521,0.0954684690126224,0.1009629789638071,0.055525889638417335
2004-02-13 17:32:39,0.07661144714520987,0.095388329193643,0.10510204756503745,0.05551326018836447
2004-02-13 17:42:39,0.07900097258649905,0.09594035789520595,0.10204394373719643,0.057578503765755504
2004-02-13 17:52:39,0.07539167904226536,0.09451403353102349,0.09965530979604366,0.05471197639773004
2004-02-13 18:02:39,0.07723118660479071,0.09503429158970939,0.10023576168368557,0.0559762655227214
2004-02-13 18:12:39,0.0753104229030862,0.09455455925554077,0.09933884960759029,0.053785742978610246
2004-02-13 18:22:39,0.07813411882423497,0.09418908467055877,0.1022837259478701,0.05651729469670303
2004-02-13 18:32:39,0.07743972735376602,0.09500053662008139,0.09962740023645551,0.056014631981695
2004-02-13 18:42:39,0.07761018230541883,0.09483818849066666,0.09903333206257862,0.0557095484347701
2004-02-13 18:52:39,0.07773925625125423,0.09501908181764458,0.10395106712611486,0.05623297057628202
2004-02-13 19:02:39,0.0765752912705246,0.09577471806760256,0.10120506633768227,0.055867556299408004
2004-02-13 19:12:39,0.07618236874938325,0.09526946294512237,0.10418918536484292,0.05430403276920397
2004-02-13 19:22:39,0.07527500698178136,0.09303880743249748,0.10086012920071964,0.05412204821812787
2004-02-13 19:32:39,0.07653745316764546,0.09568837979929788,0.10103122349310482,0.0556223181596646
2004-02-13 19:42:39,0.07660604166392498,0.09418832231518848,0.10043052934818913,0.05560308017131183
2004-02-13 19:52:39,0.07864318889595331,0.09552641320547588,0.10401770964654666,0.05545858958667546
2004-02-13 20:02:39,0.07702872600600955,0.0942307723047149,0.09987301180614722,0.055567596678944654
2004-02-13 20:12:39,0.07654787601959627,0.09572227837792123,0.10174513604408002,0.05471143509302224
2004-02-13 20:22:39,0.07741209500301928,0.09524015330265558,0.10279061671339716,0.05585682117609309
2004-02-13 20:32:39,0.07589068689400569,0.09353157110149753,0.1004540011545892,0.0558195254796796
2004-02-13 20:42:39,0.07564540408728923,0.09432936552656633,0.10020618082591806,0.05488206596074297
2004-02-13 20:52:39,0.07589536546681087,0.09384602558131099,0.10110168935004538,0.05527124781918727
2004-02-13 21:02:39,0.07721778049321323,0.09548540322793352,0.09945373994467899,0.05596205324929691
2004-02-13 21:12:39,0.07669609877282575,0.09519516217902121,0.10009130920918145,0.05650570521126114
2004-02-13 21:22:39,0.07669402318336412,0.09290140566939963,0.09772425907650244,0.05461723657760069
2004-02-13 21:32:39,0.07644535262580004,0.09317321954443457,0.10003693321582241,0.05450986746146551
2004-02-13 21:42:39,0.07806111748740215,0.09524088775585035,0.10247585850933599,0.056407820200695
2004-02-13 21:52:39,0.07733990945691903,0.095050805610728,0.10329091719450256,0.05579982867290703
2004-02-13 22:02:39,0.07694946413247408,0.09378830838326285,0.10281903706288155,0.054152106669734926
2004-02-13 22:12:39,0.07891731046921158,0.09599847123683057,0.10389249924317968,0.056266933201160524
2004-02-13 22:22:39,0.07747883845742244,0.0939939882006408,0.10120248811546956,0.05623816964644114
2004-02-13 22:32:39,0.07688430844205797,0.09496752036004784,0.09960044426839591,0.05651113711990665
2004-02-13 22:42:39,0.07742767386352253,0.09521160444800598,0.10295768702076524,0.05545239370113699
2004-02-13 22:52:39,0.07763735105741856,0.09421666555013557,0.09919601655153482,0.05564580872021156
2004-02-13 23:02:39,0.07845326345416563,0.09544643996246724,0.10119275001162283,0.055868358225851705
2004-02-13 23:12:39,0.07746427595051493,0.09419740589271988,0.09851956799833249,0.05527832617221312
2004-02-13 23:22:39,0.07702514075428993,0.09447059487253731,0.10045363925382624,0.055329432147993574
2004-02-13 23:32:39,0.07602627879962665,0.09413022517745093,0.10169875586831599,0.05479836479511026
2004-02-13 23:42:39,0.07739763697104451,0.09381109116843392,0.1007980374207184,0.054445841671124096
2004-02-13 23:52:39,0.07756370495649653,0.09361935625926791,0.10148832360481973,0.05509152810167428
2004-02-14 00:02:39,0.07700511308213895,0.09374030841713586,0.10069017069279526,0.055343056025897765
2004-02-14 00:12:39,0.07633792109546601,0.09396832574060426,0.10127987180208943,0.05468951511602708
2004-02-14 00:22:39,0.07642305077386308,0.09438097915900766,0.10155848168137337,0.05616378521838723
2004-02-14 00:32:39,0.07821794535111459,0.09503923749127513,0.09999097180789895,0.05540406334263534
2004-02-14 00:42:39,0.07762209359161593,0.09530096120553846,0.10255393453089919,0.05595986263287229
2004-02-14 00:52:39,0.07717261104246807,0.09463971996755323,0.09904021756610681,0.05605527893603343
2004-02-14 01:02:39,0.0778548486597778,0.09409812174762824,0.10203605471948583,0.05704069255760782
2004-02-14 01:12:39,0.07614699701595962,0.09427345776053227,0.09697696940183767,0.05494369046159111
2004-02-14 01:22:39,0.07811661305145402,0.09521855912917843,0.10111283238681838,0.057439170549322946
2004-02-14 01:32:39,0.07646740212070248,0.09459846470677599,0.10008784095496669,0.05453489021439243
2004-02-14 01:42:39,0.07784922686916777,0.09450306109371187,0.09868928403795924,0.05542864233704179
2004-02-14 01:52:39,0.07809731734267113,0.09427869399919817,0.10406997264817806,0.055182189400676214
2004-02-14 02:02:39,0.07853520302492208,0.09492139765099418,0.09946427597103942,0.05556424982562534
2004-02-14 02:12:39,0.07740244147434097,0.09460223331389157,0.10125965702358568,0.056343720368312776
2004-02-14 02:22:39,0.07708433040409288,0.09381069635350547,0.10071096354728219,0.05514040825289573
2004-02-14 02:32:39,0.07785508699516029,0.09413755801016196,0.09943085018962726,0.05493054757498366
2004-02-14 02:42:39,0.0761875607389304,0.09280415908752461,0.10047874488050865,0.05507941742376542
2004-02-14 02:52:39,0.07690010439498612,0.09459731308629563,0.10390780962948439,0.05673614531379119
2004-02-14 03:02:39,0.07566453257839596,0.09305254358674084,0.09844279127226274,0.055104970655175556
2004-02-14 03:12:39,0.07709273069132769,0.09590081672625185,0.0989718634628669,0.055316396801185136
2004-02-14 03:22:39,0.07812329880954587,0.09459217295079908,0.10239208976234775,0.05617258533945144
2004-02-14 03:32:39,0.0761670778693769,0.09519454176205772,0.1042247545120558,0.05615187971377628
2004-02-14 03:42:39,0.07731521558316906,0.0950230141154373,0.0994338392259991,0.056173152985773404
2004-02-14 03:52:39,0.07587584274897274,0.09412192239954177,0.10432741130895211,0.056294817261540855
2004-02-14 04:02:39,0.07620208463692343,0.09550632046565874,0.10104683138000932,0.055939959041191235
2004-02-14 04:12:39,0.07576018412276561,0.0942010518820898,0.09833825637377405,0.055285394786534395
2004-02-14 04:22:39,0.07609411906832879,0.09575604052913464,0.09928572337431123,0.0558337823414225
2004-02-14 04:32:39,0.07861999161285338,0.09450083818876848,0.10032948941177379,0.05530344402866525
2004-02-14 04:42:39,0.07654817519790531,0.09408938875776796,0.10029606935665496,0.05546301253150849
2004-02-14 04:52:39,0.07655065724833847,0.09394684854782501,0.10169935053054606,0.055789085331199854
2004-02-14 05:02:39,0.07695345140593317,0.09543505104119099,0.10074068168100701,0.05603086632693399
2004-02-14 05:12:39,0.0766629577582344,0.09491089599010956,0.1002510189968303,0.055350591883701374
2004-02-14 05:22:39,0.07718113584838093,0.09515519229467079,0.10025459850165752,0.05626979655547678
2004-02-14 05:32:39,0.07548544556931157,0.09340889513591429,0.09896433595989028,0.054866486709430604
2004-02-14 05:42:39,0.07849045484349139,0.09571407799178075,0.10215182266017833,0.05507704851841357
2004-02-14 05:52:39,0.0774485525046951,0.09472715218459782,0.10029641113434719,0.055771773744596714
2004-02-14 06:02:39,0.07743984463811299,0.09494420863876177,0.09945166820277997,0.055234911991512155
2004-02-14 06:12:39,0.07724861426384212,0.09369319331393801,0.1009108969898952,0.0557552914268754
2004-02-14 06:22:39,0.07564706627921654,0.09315024274275055,0.10089087472106939,0.054460399861584255
2004-02-14 06:32:39,0.07615091633522392,0.0945340006514271,0.10165385326723415,0.054994050346508686
2004-02-14 06:42:39,0.07858729004333519,0.09375208863666191,0.10132705887374276,0.05565588221787937
2004-02-14 06:52:39,0.07790261781352603,0.09488503636240231,0.09889414100715592,0.05503966669953603
2004-02-14 07:02:39,0.07770541015980748,0.09507965927829663,0.10142641852555305,0.05631781705983185
2004-02-14 07:12:39,0.07786079365529391,0.09424892340740687,0.10268747592002504,0.05538243910535066
2004-02-14 07:22:39,0.07571518150533782,0.09444581676966081,0.10088019944164804,0.05514908435283669
2004-02-14 07:32:39,0.07639337089406663,0.09389441251323805,0.09988139384572225,0.05614218441025427
2004-02-14 07:42:39,0.07735890994133696,0.09428065074829899,0.09997273714016951,0.054440789402426144
2004-02-14 07:52:39,0.0784237420339974,0.09404343301541511,0.09901739421755477,0.05663208090410141
2004-02-14 08:02:39,0.07628145542924843,0.09452863081651569,0.10008605775033659,0.05522718086171796
2004-02-14 08:12:39,0.07822495859802969,0.0944406192689291,0.10167346810217319,0.05559692102818157
2004-02-14 08:22:39,0.07826038634396446,0.09436316213172603,0.10031702664675554,0.05636167631085989
2004-02-14 08:32:39,0.07883248518687151,0.0943697162333344,0.10098911456106119,0.05577312031135698
2004-02-14 08:42:39,0.07697399907133472,0.0940786930103676,0.09826226900213889,0.05524182572595333
2004-02-14 08:52:39,0.07868738666121317,0.09373784186344733,0.09889990826624183,0.05566243443084311
2004-02-14 09:02:39,0.07629213343141462,0.09352658097406676,0.09683077271637784,0.05520361079191344
2004-02-14 09:12:39,0.07758288193609612,0.09465556693287694,0.0990858526807671,0.05532129098804381
2004-02-14 09:22:39,0.07689825434027783,0.09291841595210286,0.1001108090106441,0.05522946729171863
2004-02-14 09:32:39,0.07680066507120026,0.09183835506533476,0.09979505122321926,0.05476500811266045
2004-02-14 09:42:39,0.07762915815346075,0.09342567189876051,0.10223625324278518,0.054996831252578544
2004-02-14 09:52:39,0.07806560093109416,0.0944271768254705,0.0997878253515088,0.055898507552867814
2004-02-14 10:02:39,0.07614689697833825,0.09296645605414434,0.09869078645754116,0.05512395684007039
2004-02-14 10:12:39,0.0777512466792259,0.09508996411018511,0.10004652392053147,0.05482953309217945
2004-02-14 10:22:39,0.0760563321007512,0.09306936674712196,0.09876005500342981,0.05486352919992755
2004-02-14 10:32:39,0.07691772737167069,0.0952333296669146,0.10107240105678486,0.05577623007342091
2004-02-14 10:42:39,0.07626032545266506,0.09359584309581617,0.09769681924030255,0.055081350949508945
2004-02-14 10:52:39,0.0775032644083139,0.09587822645583217,0.09897132740655576,0.056070882326875356
2004-02-14 11:02:39,0.07689589971854854,0.0929362858636937,0.10172481259234688,0.05574833494783086
2004-02-14 11:12:39,0.07765492902800095,0.09457430922728774,0.10334982788176093,0.05678657863837903
2004-02-14 11:22:39,0.07698996213941164,0.09405460833520765,0.10413269395389337,0.05698507432850642
2004-02-14 11:32:39,0.0781385721449928,0.0944719007754929,0.10019872436548741,0.056295874620543536
2004-02-14 11:42:39,0.07653710577860187,0.09333775375583751,0.10055526076153186,0.05604303409862842
2004-02-14 11:52:39,0.07844942492527901,0.09388901259918513,0.1004478501226746,0.056098402066283054
2004-02-14 12:02:39,0.07781435868588893,0.09550546023251918,0.10497213826536325,0.05546980540338878
2004-02-14 12:12:39,0.0772994242305613,0.09436538336392628,0.10160462023197091,0.056681635070672386
2004-02-14 12:22:39,0.07812388759889716,0.09393096311301945,0.10136769957975619,0.055186635382491654
2004-02-14 12:32:39,0.07923462461930045,0.0950539406001373,0.10019777015580983,0.056051723373586645
2004-02-14 12:42:39,0.07538201228257509,0.09453308869721583,0.10212375813532522,0.055201136199950776
2004-02-14 12:52:39,0.07695351168778514,0.09330958758200239,0.09932330124312477,0.05608916154372309
2004-02-14 13:02:39,0.07620635034177724,0.09366186366035681,0.10012699124462864,0.054753672003626894
2004-02-14 13:12:39,0.07855083670445571,0.09368507097744562,0.10070192296540381,0.05563818383418198
2004-02-14 13:22:39,0.07703949914135334,0.09328261793563804,0.09793105671706091,0.055611153297804125
2004-02-14 13:32:39,0.07783707086008651,0.09359634994216502,0.0982939721756263,0.05562066637724192
2004-02-14 13:42:39,0.07702436383794335,0.09520999250594488,0.0994341186532139,0.0554324977317063
2004-02-14 13:52:39,0.07605566888002195,0.09236848308178193,0.09928324285906923,0.05507672713025383
2004-02-14 14:02:39,0.07764417839349137,0.0935013417195947,0.09780294192902964,0.056793835260698124
2004-02-14 14:12:39,0.0782458575849892,0.09581386712605386,0.1019521873157307,0.0557523359599266
2004-02-14 14:22:39,0.07848300584306396,0.0955301416275147,0.10159418769586523,0.055834281280951914
2004-02-14 14:32:39,0.07779197884270762,0.09302405484089556,0.09613295098381555,0.05499430784371894
2004-02-14 14:42:39,0.0765350013137455,0.09395407953351097,0.09746988276284638,0.05597604002157441
2004-02-14 14:52:39,0.0777208375550804,0.09406284567496088,0.10009319501282485,0.055646418595757835
2004-02-14 15:02:39,0.07693628628972225,0.09297501983960796,0.10049007434443506,0.05422298125226598
2004-02-14 15:12:39,0.0784087322523616,0.09402627181794475,0.09902297677405866,0.055129828258101456
2004-02-14 15:22:39,0.07637467141731759,0.0930367878253638,0.0999958131844853,0.05508181060623476
2004-02-14 15:32:39,0.07685577561017033,0.09325136791515584,0.09894855207536106,0.05511074530221855
2004-02-14 15:42:39,0.07689389429615541,0.09353646464493073,0.0973776301400981,0.054579954061189435
2004-02-14 15:52:39,0.07818121955413102,0.0937670266453119,0.1006162854429283,0.05516918033566501
2004-02-14 16:02:39,0.0782591555943928,0.09275218472825242,0.10017102519583011,0.05576287753218503
2004-02-14 16:12:39,0.07600115650326308,0.09480223542199763,0.09849416873336356,0.055709313088769113
2004-02-14 16:22:39,0.0775685882500111,0.09316406886628062,0.09869669398804666,0.05534969643947638
2004-02-14 16:32:39,0.07732729670664694,0.09448967016793806,0.0995174138527742,0.055129552350445095
2004-02-14 16:42:39,0.07651547746638443,0.09367131132924811,0.10016608382016613,0.05498215177242567
2004-02-14 16:52:39,0.07876165600694228,0.09440206300440303,0.09832992752564994,0.05546997178133711
2004-02-14 17:02:39,0.07562864747541692,0.09299926202631047,0.10113126828277996,0.05585726133835161
2004-02-14 17:12:39,0.07764859315371346,0.09466252687229175,0.10082117496708828,0.055375846267319194
2004-02-14 17:22:39,0.07831412018894052,0.09477323160048629,0.09796414636660977,0.05511463445226838
2004-02-14 17:32:39,0.07748366502445754,0.09347150743035962,0.09918112497617983,0.05564735621152799
2004-02-14 17:42:39,0.07663981799450957,0.09390929486423352,0.10018113045559188,0.05521421644594032
2004-02-14 17:52:39,0.07512240349334234,0.09308325812943703,0.09778153968614792,0.056001624462846254
2004-02-14 18:02:39,0.07500897158118407,0.09297190167307562,0.09701532502502587,0.05495830380379372
2004-02-14 18:12:39,0.07638410866946971,0.09299607326157576,0.09976832433665699,0.054195801242423
2004-02-14 18:22:39,0.07788157374050218,0.09394803153098161,0.09845557485352108,0.05532822172935263
2004-02-14 18:32:39,0.07527589666150944,0.09374806578729675,0.0988080930882156,0.05568994337801885
2004-02-14 18:42:39,0.07918480850604842,0.09538902488063858,0.10113830957628486,0.05576679212804998
2004-02-14 18:52:39,0.07800900996064988,0.09410881840013176,0.10029120814884367,0.056283716829259034
2004-02-14 19:02:39,0.07825764247904012,0.09369888124049298,0.09967627321172765,0.0551869012717345
2004-02-14 19:12:39,0.0775634270080863,0.09473158500169541,0.0991036129508265,0.056464301938724204
2004-02-14 19:22:39,0.07689208981581888,0.09349937336145789,0.0970234770827646,0.05453988497135027
2004-02-14 19:32:39,0.07675382413286964,0.09329989472125787,0.09850998973228321,0.05519459867449014
2004-02-14 19:42:39,0.07706217893898004,0.09312540775434258,0.10036510914918619,0.05523015337908682
2004-02-14 19:52:39,0.07648307412728877,0.09132073870829358,0.0986068727190406,0.05590875343259095
2004-02-14 20:02:39,0.07804777822790862,0.09364229643502492,0.101625150789612,0.055670449391889205
2004-02-14 20:12:39,0.07650461522158417,0.09331293125715079,0.10101437641925658,0.05561286419171936
2004-02-14 20:22:39,0.07870156959980855,0.0932008741877605,0.09985588692814634,0.055862880860899106
2004-02-14 20:32:39,0.0772222610485175,0.09165792520397724,0.09876467193724794,0.05591951395199161
2004-02-14 20:42:39,0.07668254689746276,0.09231951164876236,0.0980265726512424,0.054243384778479516
2004-02-14 20:52:39,0.07560601817240431,0.09186131607847514,0.09901352734645794,0.05402839064287185
2004-02-14 21:02:39,0.0764322281008194,0.09241589786731502,0.10069338567089242,0.055528832095641564
2004-02-14 21:12:39,0.07738734213481904,0.0936026919413586,0.10166011961873041,0.055422744425358925
2004-02-14 21:22:39,0.0767331039172738,0.09403060551321726,0.0984962445028296,0.055436512289897114
2004-02-14 21:32:39,0.07786850127863908,0.09352779642197274,0.0992092964208158,0.05537865561592338
2004-02-14 21:42:39,0.07610380509449467,0.09377955982051159,0.09722616667694806,0.05536052593172397
2004-02-14 21:52:39,0.07845021480492961,0.09487483485510598,0.10052293102131606,0.05500169838767336
2004-02-14 22:02:39,0.07838792403242348,0.09406078705657439,0.09958070747212758,0.05557276046454495
2004-02-14 22:12:39,0.07639321812553114,0.0936326766081953,0.09984996459909708,0.05518214913788476
2004-02-14 22:22:39,0.07758995887892921,0.09416525276793486,0.09835587386489301,0.055031657474412604
2004-02-14 22:32:39,0.07630416535593937,0.09345079677844537,0.10008785339581765,0.054833621628001324
2004-02-14 22:42:39,0.07535675458086029,0.09221746389644725,0.09595789988693211,0.05458784439328631
2004-02-14 22:52:39,0.07684306242583396,0.09256190224574551,0.09930847669574869,0.05544757889724923
2004-02-14 23:02:39,0.07787379279248512,0.09348159881421143,0.10014836618133839,0.05603996658960488
2004-02-14 23:12:39,0.07755708775116821,0.09383223515361622,0.10157258771790599,0.05600999889806601
2004-02-14 23:22:39,0.07666516348608576,0.09483189435996627,0.10084237467699109,0.05514268145575411
2004-02-14 23:32:39,0.07756690113424605,0.09307642273825041,0.09851278043274024,0.055663120445088754
2004-02-14 23:42:39,0.07749325046335542,0.09428776964725573,0.10313693496925004,0.05571250135093267
2004-02-14 23:52:39,0.07694832791049527,0.09295394615226714,0.09899572082586751,0.05448570926658589
2004-02-15 00:02:39,0.07827299471868668,0.09354448948110665,0.09906920982509115,0.05518488959534461
2004-02-15 00:12:39,0.07576653773689775,0.09265520946608012,0.09922003114689129,0.05498291066200887
2004-02-15 00:22:39,0.07495370741195927,0.0939198378106127,0.09598267912049042,0.05557714445077235
2004-02-15 00:32:39,0.07600730045301177,0.09313311567437527,0.09883223652785811,0.0552216376885662
2004-02-15 00:42:39,0.07784788643585898,0.09262780863839452,0.1004556869290073,0.055560734467878375
2004-02-15 00:52:39,0.07777380148527253,0.0937976928185596,0.09828429392206756,0.054959214509799514
2004-02-15 01:02:39,0.07609607626475719,0.09351002492755131,0.10287233600683755,0.054780664804185204
2004-02-15 01:12:39,0.07792080585415043,0.0939088978622891,0.09934311105235347,0.05696162429149888
2004-02-15 01:22:39,0.07685332724030665,0.0929672457621964,0.09726791062737158,0.05572780378459244
2004-02-15 01:32:39,0.07674480360974097,0.09201018431285744,0.09874764512061064,0.055413059017907995
2004-02-15 01:42:39,0.0758154165818153,0.09325936178201244,0.09820433349771465,0.054867167990938506
2004-02-15 01:52:39,0.07844425721064949,0.09277667040697928,0.09900322966625796,0.05474050668760425
2004-02-15 02:02:39,0.07731839992865676,0.09380579863636127,0.10302728221168303,0.05585993764254814
2004-02-15 02:12:39,0.07740418390450328,0.09241961017521508,0.10102836388409507,0.05545315892364532
2004-02-15 02:22:39,0.07701444137866746,0.09374381669795642,0.10143048972239303,0.054394496217995365
2004-02-15 02:32:39,0.07521381764778695,0.09166681525926576,0.1009085021538035,0.05451684313906042
2004-02-15 02:42:39,0.0768871867371269,0.09432064203990588,0.10055281472076731,0.05594473277834921
2004-02-15 02:52:39,0.07637291956519832,0.09293539396031583,0.10023886872009913,0.05455047331037251
2004-02-15 03:02:39,0.07586506077670187,0.09177260615664808,0.09798353999557256,0.0563468116382461
2004-02-15 03:12:39,0.07509972275468113,0.09396748598470774,0.09878477271264366,0.05470701698955897
2004-02-15 03:22:39,0.07799635515554355,0.0923862410747344,0.10065263837086519,0.05593968712929004
2004-02-15 03:32:39,0.07796702085267612,0.09365967761892124,0.09851627613203309,0.0554942998451066
2004-02-15 03:42:39,0.07798994871890105,0.0927708264570048,0.09991444775388769,0.05485476253616515
2004-02-15 03:52:39,0.07783470856573291,0.0949637325690316,0.10116230041833273,0.055890159222749
2004-02-15 04:02:39,0.07896910928150261,0.09386086436044143,0.09997354696751673,0.054652382422349106
2004-02-15 04:12:39,0.07863145837018502,0.09450277587033923,0.0993948234283936,0.05500752071598126
2004-02-15 04:22:39,0.07727156413429798,0.09377878606516117,0.0990316339099224,0.05561316711587319
2004-02-15 04:32:39,0.07686500736292291,0.09442269636143359,0.09943714712240671,0.05571234884440287
2004-02-15 04:42:39,0.07859467976701771,0.09299181685425637,0.0990294209425532,0.05511783407914228
2004-02-15 04:52:39,0.07406578010266232,0.0916890877527436,0.09521595676039778,0.05474736333985097
2004-02-15 05:02:39,0.07718368042185511,0.09343129039933488,0.10183516341538074,0.05506251989974531
2004-02-15 05:12:39,0.07761164921675884,0.09315285878783698,0.09939031044445248,0.05522315860179745
2004-02-15 05:22:39,0.07535664604226619,0.09214669436229675,0.09795855007646179,0.054782027264929076
2004-02-15 05:32:39,0.07658188172553262,0.09366747894099987,0.10051691367167424,0.054563403023092524
2004-02-15 05:42:39,0.07400696296902626,0.09168595647628613,0.09546081231493136,0.054788715622279736
2004-02-15 05:52:39,0.07723830272590734,0.09239863388770252,0.09777689430841349,0.055799089207307466
2004-02-15 06:02:39,0.07638248201497198,0.09300985483979214,0.0998418075873611,0.0559760426386142
2004-02-15 06:12:39,0.0765707795536852,0.09371565454830562,0.09849430184766929,0.05461165474177151
2004-02-15 06:22:39,0.07622804874711005,0.09130245044840628,0.09703856038338243,0.05497572232733622
2004-02-15 06:32:39,0.07610875126194921,0.09281743649448673,0.1007945460077452,0.054574788049062795
2004-02-15 06:42:39,0.07623550350542918,0.09211892335370456,0.09989301836427648,0.05621706386362375
2004-02-15 06:52:39,0.0770871762096228,0.09179630706260225,0.09939454831222447,0.054958322906562454
2004-02-15 07:02:39,0.07748699116934751,0.09475871038592501,0.09953134897204366,0.055912225075874074
2004-02-15 07:12:39,0.0761044945231576,0.09279837711856626,0.09973711478202203,0.05481332422614366
2004-02-15 07:22:39,0.07635186766339293,0.091030095544488,0.09695712262196228,0.05556902640096487
2004-02-15 07:32:39,0.07705960880858351,0.09293230310079036,0.09990586662769212,0.055033627282256935
2004-02-15 07:42:39,0.07699701271979234,0.09302593824722595,0.10011268859390829,0.05547762550775854
2004-02-15 07:52:39,0.07728033298140025,0.09261199907239959,0.09955877095694161,0.05471182601105665
2004-02-15 08:02:39,0.07780621203466445,0.0932155380293651,0.0985345754133158,0.055336302746748174
2004-02-15 08:12:39,0.07684492905991107,0.09175988932496663,0.099077250306995,0.05586764064425683
2004-02-15 08:22:39,0.07659802181610141,0.092315763049585,0.09765898678107614,0.05426215678777159
2004-02-15 08:32:39,0.07640585149887877,0.09332342750978413,0.10105551735926867,0.055903841234906375
2004-02-15 08:42:39,0.07807910787950974,0.09375837270748934,0.09945103064062824,0.05519811169544578
2004-02-15 08:52:39,0.0771320243930627,0.09275755343330046,0.09916320870190035,0.05558945721365039
2004-02-15 09:02:39,0.07667906868368941,0.09363424425837381,0.10070980012395944,0.05502896662070037
2004-02-15 09:12:39,0.07617031373935078,0.09346741164126626,0.09821361989344875,0.05534635229038283
2004-02-15 09:22:39,0.07769132254448288,0.09425709273697713,0.10044927859955226,0.0558636111781189
2004-02-15 09:32:39,0.07704784981231602,0.09285826303836757,0.09897989014569855,0.05567160193557703
2004-02-15 09:42:39,0.07618974626169621,0.09237876737620168,0.09987857416202679,0.054545885953899635
2004-02-15 09:52:39,0.07626631662993484,0.09278688182991568,0.09846536397004285,0.0567395297568044
2004-02-15 10:02:39,0.07688099210861463,0.09390951299359857,0.09897630450249865,0.05547597073746546
2004-02-15 10:12:39,0.07759017631579307,0.09324837079117133,0.09871921778041849,0.05520608925326256
2004-02-15 10:22:39,0.07751940163447522,0.09285539153172837,0.09842467759175526,0.05511075017545675
2004-02-15 10:32:39,0.07726942279711545,0.09387809246535549,0.09911859351725542,0.05461960531020336
2004-02-15 10:42:39,0.07630101355912587,0.09226598248542198,0.09731003635769707,0.054705852603694274
2004-02-15 10:52:39,0.07781525133606614,0.09324931730312508,0.09907851126309399,0.055412415290691526
2004-02-15 11:02:39,0.07798633690327425,0.09405495046886458,0.09807865157923192,0.05471308531934006
2004-02-15 11:12:39,0.07717465446227569,0.09286561059894895,0.10156195548671396,0.05688855363381622
2004-02-15 11:22:39,0.07657224628938246,0.09166829880451131,0.09869172629310335,0.05467039636657898
2004-02-15 11:32:39,0.07822638620320517,0.09436605218131847,0.09725846740970633,0.056170575495030683
2004-02-15 11:42:39,0.0782162222977983,0.09290287869789073,0.09897706772059434,0.05541618237665419
2004-02-15 11:52:39,0.07738428525150898,0.09333830254827798,0.10126358206381571,0.0549419600627418
2004-02-15 12:02:39,0.07726606737903195,0.09297302484482436,0.09859128915369327,0.05490748692764056
2004-02-15 12:12:39,0.07699315010660399,0.09239629191428486,0.09858231893757483,0.05521505837204973
2004-02-15 12:22:39,0.07691059873174345,0.09381919062389485,0.10178952609400686,0.0558327131702741
2004-02-15 12:32:39,0.0773253135236378,0.0924279678700772,0.10123815086992694,0.05409405697802499
2004-02-15 12:42:39,0.07831410678323492,0.09328650879563188,0.10333562823677522,0.055785760956925556
2004-02-15 12:52:39,0.07832255566386372,0.09325403950802708,0.09824395254980348,0.05491279326356502
2004-02-15 13:02:39,0.07863616078805934,0.09305568135274196,0.09893966014904101,0.05639281702488836
2004-02-15 13:12:39,0.0758972225965548,0.09336049245710729,0.09776292188729929,0.05539889705413096
2004-02-15 13:22:39,0.07599325948453804,0.09309038519321249,0.09973019489119528,0.05478358222042794
2004-02-15 13:32:39,0.0767143739507964,0.09350571201589031,0.09972831324022931,0.05560632940867584
2004-02-15 13:42:39,0.07887786268986141,0.09382435515158274,0.10005297732401555,0.0553695657202336
2004-02-15 13:52:39,0.07698820050338145,0.09381584859671771,0.10020335395658003,0.054162757743518974
2004-02-15 14:02:39,0.07870087810354008,0.09354420263998807,0.10044360686507832,0.055153232866795465
2004-02-15 14:12:39,0.07909702227369288,0.09321203867795044,0.10026627301428437,0.05562416960767316
2004-02-15 14:22:39,0.07852459062969516,0.09251389486558412,0.09795076573180352,0.055932036828514636
2004-02-15 14:32:39,0.07765868861611108,0.09295132319559891,0.096149199872718,0.0555740340923363
2004-02-15 14:42:39,0.07734564213227117,0.09336992093734725,0.09807224601162919,0.055126483172165106
2004-02-15 14:52:39,0.07948821938100213,0.094384408268762,0.0994969963262372,0.056319673822351174
2004-02-15 15:02:39,0.07879626891373921,0.09277073776592522,0.10092572082032268,0.056139921670902766
2004-02-15 15:12:39,0.07817898196044823,0.09412802796570911,0.09901617168912122,0.05578242894385222
2004-02-15 15:22:39,0.0793465942904264,0.0945317368916386,0.10368226304673198,0.05673628775277961
2004-02-15 15:32:39,0.07791189913334033,0.09442009119240599,0.10108260049899216,0.055705445733863566
2004-02-15 15:42:39,0.07741222305258556,0.09234250478702277,0.09883490449531965,0.055556975864998505
2004-02-15 15:52:39,0.07717795058465901,0.09291720488279136,0.09807944543121426,0.05437005998726415
2004-02-15 16:02:39,0.07613370047915598,0.0919047720913381,0.09697045631489944,0.055018397590634045
2004-02-15 16:12:39,0.07732532867950404,0.09339274304432037,0.10095240103518724,0.0547632627053561
2004-02-15 16:22:39,0.07663905628649019,0.09125783543856426,0.09948189750918471,0.054937593829562835
2004-02-15 16:32:39,0.07806742519830924,0.09342342832401565,0.10092490968241698,0.05604397292062345
2004-02-15 16:42:39,0.0757897353767382,0.0918676130795092,0.0987877795674386,0.05389649179423428
2004-02-15 16:52:39,0.07693496581077357,0.09314901267030799,0.10061654387239324,0.05523539158739337
2004-02-15 17:02:39,0.07733084363886968,0.09356742922464824,0.09773283964320215,0.05607794029268632
2004-02-15 17:12:39,0.07843447017495907,0.09317701435284949,0.09916054833654175,0.05460034716056485
2004-02-15 17:22:39,0.0757240216023243,0.0910816822712107,0.0990612224202385,0.05606617158737228
2004-02-15 17:32:39,0.07848584666277963,0.09381217358264547,0.09848762930257231,0.054748556275741565
2004-02-15 17:42:39,0.07769817876091324,0.09242037100556083,0.10042146351983523,0.054926608496375484
2004-02-15 17:52:39,0.07684502723566528,0.09320357525730533,0.09995064532338724,0.054716838974904564
2004-02-15 18:02:39,0.07749573784568592,0.09170075287336985,0.09804017205059236,0.05593872647971067
2004-02-15 18:12:39,0.07689422260986153,0.09302208609460266,0.10000348448443565,0.05430646057099478
2004-02-15 18:22:39,0.07756199601443638,0.0933414754365481,0.10241267773268563,0.054545508617818234
2004-02-15 18:32:39,0.07578368783686486,0.09152415330509622,0.09926028476213981,0.05454639309306221
2004-02-15 18:42:39,0.07666263259431438,0.09237704944214184,0.09938920181868934,0.05477077402581672
2004-02-15 18:52:39,0.07680994794889086,0.09369282979397346,0.09808625003993589,0.05534681945117096
2004-02-15 19:02:39,0.07548989795720057,0.09251671257966407,0.09890886695885326,0.055909073968185855
2004-02-15 19:12:39,0.07672440649798722,0.09145154577090474,0.10024286685393362,0.05494103485024238
2004-02-15 19:22:39,0.07658893161878012,0.09313899875726776,0.0992252934995005,0.055004167748015594
2004-02-15 19:32:39,0.07612626686154209,0.09147728652457887,0.09876489318668875,0.05533862172874079
2004-02-15 19:42:39,0.07587755105458217,0.09218199202816131,0.09887615297744212,0.055866841766693896
2004-02-15 19:52:39,0.07866857793027629,0.09364821140518177,0.10046165059074029,0.055736335006817475
2004-02-15 20:02:39,0.07489062030728717,0.09194147580070032,0.09784968905682835,0.05470720041489253
2004-02-15 20:12:39,0.07551231309641723,0.09201329208440999,0.09797741652609736,0.05400873814563522
2004-02-15 20:22:39,0.07746526592717051,0.0921773309169738,0.09904678139905893,0.05569464078665127
2004-02-15 20:32:39,0.07787982130019484,0.09200646185405408,0.09853651182334705,0.056078747482752656
2004-02-15 20:42:39,0.07812425699632036,0.09262293852313888,0.09805362564248107,0.05555878950063542
2004-02-15 20:52:39,0.07611588924230109,0.09230588118824591,0.09581802849514551,0.054503800695442764
2004-02-15 21:02:39,0.07747261014400841,0.09172383776945331,0.09748686552380144,0.05484484861676517
2004-02-15 21:12:39,0.07693060276939867,0.09185083828138327,0.09973255779890325,0.05610013988052075
2004-02-15 21:22:39,0.07845043234721909,0.0933673703338524,0.09983307666033601,0.05647376382261929
2004-02-15 21:32:39,0.07711726469025151,0.09329631583804682,0.09867689469851176,0.05462895764902562
2004-02-15 21:42:39,0.07664873110418613,0.09175647708188688,0.10026917870733017,0.05417216506604449
2004-02-15 21:52:39,0.07609888010156611,0.09097748178802195,0.0977005715426963,0.05536292327980567
2004-02-15 22:02:39,0.07747151689162117,0.09242808409794133,0.0977793423730793,0.05492468374791819
2004-02-15 22:12:39,0.07800704598685237,0.09218505216131556,0.09989116031158095,0.05516387697502921
2004-02-15 22:22:39,0.07763841776015534,0.09379100424959927,0.09991571647127719,0.05510525997788535
2004-02-15 22:32:39,0.07918454796460732,0.09391380762102035,0.10013246951291291,0.05630276908579936
2004-02-15 22:42:39,0.07754943638572961,0.0934314793318776,0.09934776699835263,0.055454626377774555
2004-02-15 22:52:39,0.07855608008080593,0.09291485259371267,0.09843151364805292,0.05571057000895952
2004-02-15 23:02:39,0.0789837186013168,0.09403438078058227,0.10033872439036565,0.05542598705496933
2004-02-15 23:12:39,0.07907706146218765,0.09334723684341231,0.09912187523303996,0.05538188363369517
2004-02-15 23:22:39,0.07821985876982884,0.09353351137367896,0.09840837892888148,0.0552631608233435
2004-02-15 23:32:39,0.07781736416215074,0.09283342331614178,0.09860473564339234,0.055053288666506606
2004-02-15 23:42:39,0.07752960839410357,0.09197042067541528,0.10206457011843344,0.05466499280661074
2004-02-15 23:52:39,0.08153570742641923,0.09374930518810841,0.10047405362057286,0.05596252355966599
2004-02-16 00:02:39,0.07680317329444841,0.0929441581489146,0.099154508882206,0.055628803224857304
2004-02-16 00:12:39,0.07831512342802477,0.09129334465908205,0.09896047466378151,0.05561414436428692
2004-02-16 00:22:39,0.07714429529775457,0.09269228637863736,0.0999547409666546,0.0560866494079356
2004-02-16 00:32:39,0.07835640595270989,0.09190878397363486,0.09869261268417033,0.05503797924287037
2004-02-16 00:42:39,0.07741916138236003,0.09364578518369128,0.10123583685052114,0.055000385759670666
2004-02-16 00:52:39,0.07556773318646245,0.09178893269050009,0.09981685925177282,0.05405788693068851
2004-02-16 01:02:39,0.07788294556965591,0.09257230509968051,0.0989825304537428,0.05501160179318669
2004-02-16 01:12:39,0.07903935778525421,0.09280608326121523,0.10031917957166091,0.055499799508605306
2004-02-16 01:22:39,0.07650427151306081,0.0917440371786089,0.09898854463691463,0.05432415372028961
2004-02-16 01:32:39,0.07822162200772252,0.09221660660804773,0.09994702415325658,0.055552420640644536
2004-02-16 01:42:39,0.079623399735497,0.09342111909751614,0.10255446043133866,0.05660314316539288
2004-02-16 01:52:39,0.079558130432876,0.09287774597316367,0.09921275010642959,0.05560706616879528
2004-02-16 02:02:39,0.08011018036489251,0.09403166436897317,0.09975203741383601,0.056831926455486514
2004-02-16 02:12:39,0.07790263191685645,0.09259561278593334,0.09937078055901374,0.055210685434274126
2004-02-16 02:22:39,0.07848536635620042,0.09201748098845841,0.09977229899163628,0.05600713228805939
2004-02-16 02:32:39,0.07816291687428009,0.09294999986932127,0.09970588933647481,0.055356446761479786
2004-02-16 02:42:39,0.07783023534880211,0.0909245913521974,0.09941163673944216,0.054854093118135466
2004-02-16 02:52:39,0.0794637930689612,0.09381064534235857,0.09983038303161555,0.05643011846032888
2004-02-16 03:02:39,0.07712165452807855,0.09198692417114347,0.09901421827533073,0.055667188107786855
2004-02-16 03:12:39,0.08226507553907597,0.09309644144402879,0.10044749865153858,0.05635814571044129
2004-02-16 03:22:39,0.08432738821836386,0.09414230386816719,0.10005995639013902,0.056449749317059726
2004-02-16 03:32:39,0.08428194070835622,0.0928510687226466,0.09863231846020945,0.05557240372051704
2004-02-16 03:42:39,0.08310013480088929,0.09226859105438262,0.09789958865820766,0.0567220648965224
2004-02-16 03:52:39,0.08265829256494735,0.09346876682400478,0.09789443112104944,0.05590659610162558
2004-02-16 04:02:39,0.08427011202005172,0.09171345474433758,0.1006911068999674,0.05594182790873913
2004-02-16 04:12:39,0.08598916774558638,0.09521933477465323,0.10269382493970185,0.05772386958088132
2004-02-16 04:22:39,0.08444469890527065,0.09374156042224797,0.10090677361686733,0.057346060312210685
2004-02-16 04:32:39,0.08267802190083429,0.09306398061292996,0.10162505517080263,0.05573786465348911
2004-02-16 04:42:39,0.08363665198436665,0.09343354031807817,0.09906647349241395,0.05596343144818791
2004-02-16 04:52:39,0.08381377112321124,0.09345180498771381,0.09921008565542432,0.055977902014465585
2004-02-16 05:02:39,0.08551739652636699,0.09238806031703976,0.09992065312410685,0.05613307331703499
2004-02-16 05:12:39,0.08430292407136755,0.09256138736101997,0.09755739557771033,0.0554025932271741
2004-02-16 05:22:39,0.0869809523324256,0.09305462634681386,0.09824837853104097,0.055988374080075544
2004-02-16 05:32:39,0.08478567061651215,0.09183243890795342,0.09906652253659914,0.05609088266832361
2004-02-16 05:42:39,0.08516501218661986,0.0933576766727832,0.10046293888766045,0.0560461720114633
2004-02-16 05:52:39,0.08699270907494971,0.09299254806071272,0.09863632602029425,0.05580011045485276
2004-02-16 06:02:39,0.08694727317132661,0.094618416074165,0.09924875070906644,0.055957341201818
2004-02-16 06:12:39,0.08790213779758829,0.09379925068295078,0.10187145718384132,0.05754805854193004
2004-02-16 06:22:39,0.08564851144685563,0.09396881213043892,0.10030921478717345,0.05665356603308266
2004-02-16 06:32:39,0.08544845978285204,0.0920467284840713,0.09866973466516214,0.05736701247084486
2004-02-16 06:42:39,0.0866149207092925,0.0929589914453237,0.09964356296624209,0.05561050615613168
2004-02-16 06:52:39,0.08760370818620092,0.0930477321750145,0.10292401208315824,0.0559175412941767
2004-02-16 07:02:39,0.08819991475141206,0.0919410764094307,0.09908112824408002,0.05626405581502881
2004-02-16 07:12:39,0.08605566523148558,0.09128050783117651,0.09842235150287379,0.05469846002742263
2004-02-16 07:22:39,0.0891760256074566,0.09306036983176177,0.10019061110036061,0.05660885598824331
2004-02-16 07:32:39,0.08561724226723241,0.09239940783833755,0.09603889376030353,0.055880320640407474
2004-02-16 07:42:39,0.08827007717089662,0.09353312321804934,0.09894252830515983,0.05590853333624091
2004-02-16 07:52:39,0.08883568068628866,0.09272537682637447,0.09970986476621,0.056545822139791334
2004-02-16 08:02:39,0.0873070835176898,0.0930688418154066,0.09936251737390628,0.05590285027073317
2004-02-16 08:12:39,0.08748096358742893,0.09275929379991579,0.09943304685650702,0.05652137691304841
2004-02-16 08:22:39,0.08891918475256833,0.09365687760746588,0.09817621711947863,0.055817948643698524
2004-02-16 08:32:39,0.08606722979923725,0.09263383820117695,0.09962240738864366,0.055527959751601685
2004-02-16 08:42:39,0.08849113840520327,0.09320890224641286,0.09909163021797956,0.055669650316011045
2004-02-16 08:52:39,0.08785054161469474,0.09390604106272203,0.10005205613193242,0.05663789211114836
2004-02-16 09:02:39,0.08692828248176343,0.09170032128235577,0.0987730118331675,0.05553415731812828
2004-02-16 09:12:39,0.08674512682104162,0.09120532066766557,0.09859165764295172,0.05634895861477458
2004-02-16 09:22:39,0.08853544116346225,0.09361234666859501,0.0993438761219618,0.05629916930711435
2004-02-16 09:32:39,0.08813801968054792,0.09275473382267853,0.10142778267031606,0.05538007610800128
2004-02-16 09:42:39,0.0899881922795632,0.09353708405264165,0.09964475942057552,0.05578602617889068
2004-02-16 09:52:39,0.08840503032733549,0.09265355568420892,0.09737455441666541,0.05565094682232111
2004-02-16 10:02:39,0.08764860797750612,0.09269208593014693,0.1023497129617218,0.055739797677855106
2004-02-16 10:12:39,0.08952051035111507,0.09222559000161006,0.09940966432593261,0.05551075189858719
2004-02-16 10:22:39,0.0891381569035556,0.09489182663767673,0.10197403083144216,0.05570535588391848
2004-02-16 10:32:39,0.0881919035742378,0.09316273493424682,0.0988998302558205,0.055736934692889435
2004-02-16 10:42:39,0.08845361851860342,0.09288374932261813,0.09786597348940866,0.056115866109507535
2004-02-16 10:52:39,0.09015253227794971,0.09274322154126753,0.09784956454728785,0.05520182529318219
2004-02-16 11:02:39,0.09071099515937868,0.09506845010610221,0.09795064284631096,0.057475268716117724
2004-02-16 11:12:39,0.08991633180860055,0.0926313877831745,0.0988381311575217,0.055541129193433264
2004-02-16 11:22:39,0.09102980426709437,0.09339585448007938,0.0992049699156235,0.0559497901909668
2004-02-16 11:32:39,0.0901142857775411,0.09231570248468292,0.09809768433384988,0.05583652317418814
2004-02-16 11:42:39,0.09209606103004021,0.0934493762796051,0.10107768822826911,0.056902959708396275
2004-02-16 11:52:39,0.08921034945304086,0.09213229977668909,0.09901779786067946,0.05573747567515424
2004-02-16 12:02:39,0.08972700211715035,0.09258965931443681,0.09739641509282182,0.05573648350528441
2004-02-16 12:12:39,0.09109607884447557,0.09356221450356794,0.09910440598337021,0.0568131341635628
2004-02-16 12:22:39,0.09181906107959265,0.0927486352529051,0.10030134195127414,0.0572604882431459
2004-02-16 12:32:39,0.08981666168613278,0.09300692737360733,0.09859445519423791,0.05570309293239007
2004-02-16 12:42:39,0.0912363811747579,0.09342989521344698,0.10028167760865905,0.05711397596302669
2004-02-16 12:52:39,0.09086255932852041,0.09264838386799436,0.09726688398952286,0.05663198433301277
2004-02-16 13:02:39,0.08962642271786608,0.09248283626523511,0.09730963039788136,0.055241894673300714
2004-02-16 13:12:39,0.0898262316485682,0.09325452307805428,0.10091973643838506,0.05550554319575068
2004-02-16 13:22:39,0.09140706176213796,0.0934273992970014,0.09811653373463224,0.05702074405170088
2004-02-16 13:32:39,0.09195068362525276,0.09433644011613875,0.09913960196001827,0.05690309014500177
2004-02-16 13:42:39,0.09040071661729326,0.09209706869393156,0.0987761102546013,0.056667476912217116
2004-02-16 13:52:39,0.0916045297067032,0.09385453018148711,0.09828631202164895,0.05518855895830698
2004-02-16 14:02:39,0.09144234535781183,0.094437815265893,0.10148519924743854,0.05597924362286189
2004-02-16 14:12:39,0.09038592701052975,0.0946304745069237,0.10018310863915297,0.05610207826544776
2004-02-16 14:22:39,0.09101367822210446,0.0936237906751265,0.10002429901565871,0.056196963320621685
2004-02-16 14:32:39,0.091115864891915,0.0932708692546402,0.1005827133299334,0.056686176219114044
2004-02-16 14:42:39,0.093167332595089,0.09281658290631795,0.09740888784010224,0.055733083273058176
2004-02-16 14:52:39,0.09196203732731298,0.09314291108215192,0.09806879946341107,0.05519410678063089
2004-02-16 15:02:39,0.09220240670893609,0.09395076933139937,0.09865757351741605,0.05616492763847897
2004-02-16 15:12:39,0.09182605308195804,0.09321050767039551,0.098403081821845,0.056070374171303214
2004-02-16 15:22:39,0.09341298303596625,0.09387646984940527,0.10137386343868801,0.05566342792059683
2004-02-16 15:32:39,0.09315049069487047,0.09361028570684261,0.09820383178757632,0.05444619637963676
2004-02-16 15:42:39,0.09361079247499338,0.09468243379682899,0.09914233652061137,0.05627274393562514
2004-02-16 15:52:39,0.09453851974415398,0.09493847650972907,0.10178874030900485,0.05659588970223938
2004-02-16 16:02:39,0.09484963749584095,0.09356611852621295,0.10022448581076886,0.05558810531939935
2004-02-16 16:12:39,0.09591202840740218,0.0942261879253424,0.09819747093491053,0.05744620915803107
2004-02-16 16:22:39,0.09453793453149753,0.09369008992859211,0.09809441539534491,0.05610743872175963
2004-02-16 16:32:39,0.09484629882808705,0.09377286787524587,0.09859855170419074,0.05708721053716323
2004-02-16 16:42:39,0.09559831736552318,0.09209684123485325,0.10063070503499238,0.05639186582631933
2004-02-16 16:52:39,0.09627149217233592,0.09491644998192746,0.09930310516123263,0.05725266687798768
2004-02-16 17:02:39,0.09629404317563414,0.09326035059349667,0.09841560461630945,0.05721637194386645
2004-02-16 17:12:39,0.09498447139990562,0.09410183644771843,0.09843703567598643,0.056904518063025156
2004-02-16 17:22:39,0.09552253485830013,0.09441184235235554,0.0993684318990153,0.05738343350091151
2004-02-16 17:32:39,0.09492519433304299,0.09497518469216013,0.10088720792105198,0.05738318204424129
2004-02-16 17:42:39,0.0942842215294558,0.0944922915055117,0.0996224549337532,0.05695607030876381
2004-02-16 17:52:39,0.09331714737725669,0.0930122065637196,0.09660634820245163,0.055681613326130495
2004-02-16 18:02:39,0.09845683905993385,0.0934907803061147,0.10058774856261835,0.0578900987929603
2004-02-16 18:12:39,0.09505124793176267,0.09377431341543356,0.0988797901546143,0.05676230032530077
2004-02-16 18:22:39,0.09559033162190066,0.09331519737343331,0.10030345894417515,0.05671059087798643
2004-02-16 18:32:39,0.09694593283000529,0.09405488453425058,0.10064355761662513,0.05659375209344627
2004-02-16 18:42:39,0.09651249050398807,0.09466639145018015,0.0978506052824823,0.056277097688182925
2004-02-16 18:52:39,0.09612156339225927,0.09288458021365478,0.09678346356818862,0.05678428052181858
2004-02-16 19:02:39,0.09615478898372211,0.0930049427763339,0.09840011506922638,0.05622904414568489
2004-02-16 19:12:39,0.09568241768963785,0.09499396538539479,0.09943444571465068,0.057429544195571156
2004-02-16 19:22:39,0.09588458074604574,0.09202244523098886,0.10063298226227796,0.056819369015736636
2004-02-16 19:32:39,0.0935927432650342,0.09387674735279085,0.09925629870520987,0.05636015752998329
2004-02-16 19:42:39,0.09780102819136838,0.09383949162265033,0.09832703777564089,0.056790410202354646
2004-02-16 19:52:39,0.09710857780140462,0.09287508432377779,0.10271677076712458,0.05707795043962254
2004-02-16 20:02:39,0.09409122125824006,0.09203974608354795,0.09918265982401411,0.056417483270482086
2004-02-16 20:12:39,0.09633935946049699,0.09376876520042932,0.09834064825778163,0.05705933716246444
2004-02-16 20:22:39,0.09589439476838835,0.09241355368945058,0.09960630936872379,0.057359480178144476
2004-02-16 20:32:39,0.09742095474766443,0.09298697263035792,0.09764765138740233,0.056233157707730665
2004-02-16 20:42:39,0.09766140005146708,0.0923211378280601,0.09983556356788709,0.05687903369301612
2004-02-16 20:52:39,0.09483492253568941,0.09425812495910728,0.09716049493223736,0.056870404709161146
2004-02-16 21:02:39,0.09751009668749032,0.09338150917172114,0.10004299725063992,0.056700257797805596
2004-02-16 21:12:39,0.0984502172949066,0.09381747928767617,0.09783039692163085,0.056366421695895785
2004-02-16 21:22:39,0.0994210667469978,0.09297349779664946,0.09805896976236786,0.05699178645923147
2004-02-16 21:32:39,0.09837858984946161,0.09424065854882901,0.0977972213248029,0.05714014902583698
2004-02-16 21:42:39,0.09805326957326573,0.09317907677504557,0.09787982094691942,0.056609089750972966
2004-02-16 21:52:39,0.09791962715162252,0.09407502540941211,0.09843901666490387,0.056225669358568625
2004-02-16 22:02:39,0.0972741836763631,0.09371824933965639,0.0982453218668161,0.05684699799216943
2004-02-16 22:12:39,0.09838601451398413,0.09345545864279027,0.09963385554695219,0.056533424427880265
2004-02-16 22:22:39,0.10379373775459755,0.09351555611924059,0.10143719421558633,0.05683167212901906
2004-02-16 22:32:39,0.10638793169964664,0.09269284399719059,0.09828300588386901,0.05794181156992157
2004-02-16 22:42:39,0.10502682661261281,0.09364234310548965,0.10134840764132508,0.05739850654963611
2004-02-16 22:52:39,0.10535595586117404,0.0949865495835447,0.09877143403562678,0.0580539057215771
2004-02-16 23:02:39,0.1062785442193064,0.09357156212304246,0.0973568258050583,0.05731523815898315
2004-02-16 23:12:39,0.10429453750904828,0.09300741774111806,0.09808927830743273,0.057325646933783274
2004-02-16 23:22:39,0.10585105051330503,0.09351927385701463,0.0983747321182223,0.05886938360797677
2004-02-16 23:32:39,0.10621116450450764,0.09308542911818639,0.09889769284508396,0.056404261755446834
2004-02-16 23:42:39,0.10301753529734244,0.0935753916557736,0.09952700653852233,0.05805386745044137
2004-02-16 23:52:39,0.10597090315756989,0.09294507544861608,0.09826485802847136,0.057916996936202676
2004-02-17 00:02:39,0.10596124544569653,0.09323639913854716,0.10032634600113059,0.05780213550965092
2004-02-17 00:12:39,0.1046378854182274,0.09306285329187652,0.10050705667186675,0.05703185001050623
2004-02-17 00:22:39,0.1056434196060496,0.09403532535265872,0.10198828958015198,0.05739054318434774
2004-02-17 00:32:39,0.10436091226970998,0.09434597446939127,0.09859167373956132,0.058797306470666486
2004-02-17 00:42:39,0.1066290819671092,0.09400232955005919,0.0975455340216993,0.058265292656403476
2004-02-17 00:52:39,0.10662272294907246,0.09372832978709246,0.1000012322303103,0.05970581271105742
2004-02-17 01:02:39,0.10470497221994042,0.09226000218578187,0.09668027583804222,0.057860093918732834
2004-02-17 01:12:39,0.1042111103261357,0.09308989237771034,0.09730934386650981,0.05779634631484988
2004-02-17 01:22:39,0.10612333492192894,0.09330191700696021,0.09931711656632494,0.05798339440781388
2004-02-17 01:32:39,0.10685424113747145,0.09286587850338035,0.09959235360374223,0.05989405086459874
2004-02-17 01:42:39,0.10483617232839143,0.09289783429961891,0.09727835084359093,0.05735827939748722
2004-02-17 01:52:39,0.10359578030761593,0.09239922313715322,0.09584242381963858,0.05810239643178888
2004-02-17 02:02:39,0.10616001887205183,0.09284156861626199,0.09902028132694872,0.05782108520625014
2004-02-17 02:12:39,0.10632109114648526,0.09231675324042732,0.09781921342738611,0.059010978394471704
2004-02-17 02:22:39,0.10490473729265398,0.0945510965503829,0.09969289480731441,0.05717916070362041
2004-02-17 02:32:39,0.10296499395415654,0.0946708250491362,0.10092736436458605,0.057397842127322955
2004-02-17 02:42:39,0.10200409330286495,0.09309934170628627,0.10154246217514644,0.05801883246962772
2004-02-17 02:52:39,0.10488470669884015,0.09376903208674642,0.09757955832869519,0.058509416539729076
2004-02-17 03:02:39,0.10283460318913593,0.09291471253708906,0.09875367657530774,0.057549772945108116
2004-02-17 03:12:39,0.10413743257598934,0.09334161851478846,0.0986620732474997,0.057451855572947706
2004-02-17 03:22:39,0.10526976454012944,0.09471522592576682,0.10002399926871791,0.0577600345641449
2004-02-17 03:32:39,0.10531831724195503,0.09472843650895864,0.09833497705937216,0.0582373852996121
2004-02-17 03:42:39,0.10321690429618076,0.09363664053252496,0.09798648049044442,0.0579657133739382
2004-02-17 03:52:39,0.10400128132345184,0.09382717488557955,0.10033403485712356,0.05752683066958456
2004-02-17 04:02:39,0.10480217471499079,0.09305360989855314,0.09692030179303665,0.056757395323623394
2004-02-17 04:12:39,0.10488583708134715,0.09405519967013787,0.09780113828347518,0.05745269615537849
2004-02-17 04:22:39,0.10447621175276273,0.09319115220428685,0.09850823075728254,0.058484176044465055
2004-02-17 04:32:39,0.105322113282382,0.09407296783616313,0.09852032484189983,0.05807148800930811
2004-02-17 04:42:39,0.10711018065679867,0.09236995562192697,0.09737947622955123,0.057747153412378474
2004-02-17 04:52:39,0.10712637927138977,0.0946742960116887,0.0990988992157468,0.05829724754013184
2004-02-17 05:02:39,0.1052035918682418,0.0921433014777901,0.09789851602259227,0.057397378898765575
2004-02-17 05:12:39,0.10515856756462016,0.09653360933547724,0.09971689086188112,0.05845450576809303
2004-02-17 05:22:39,0.1057511373089705,0.0940965882916139,0.09936985083142906,0.058356453020729455
2004-02-17 05:32:39,0.10544027061107371,0.09439927621941573,0.0993643860490421,0.05807346191554615
2004-02-17 05:42:39,0.10669547648965562,0.09396074168282623,0.09789234308918146,0.0588465998224171
2004-02-17 05:52:39,0.10714855314941854,0.09308576038820411,0.10151432923961423,0.05758802339460848
2004-02-17 06:02:39,0.10824692015224907,0.09471926286017661,0.09915371649662222,0.05864367418153333
2004-02-17 06:12:39,0.10665342985258962,0.09424721003014742,0.09814911358979173,0.058012024108448725
2004-02-17 06:22:39,0.10575487625749878,0.0939898746563527,0.09766146855117552,0.05773068316671347
2004-02-17 06:32:39,0.1072826023429105,0.095608340295802,0.09906992353142743,0.058534062614485856
2004-02-17 06:42:39,0.10927182216694101,0.09345103687902208,0.09825551957180077,0.05701310948421627
2004-02-17 06:52:39,0.10650334890644292,0.09323413922500276,0.09798370370479256,0.056717515429296476
2004-02-17 07:02:39,0.10978820240434356,0.09530410410568721,0.09937389007095068,0.05872086134923078
2004-02-17 07:12:39,0.11276849746367924,0.0941715136757804,0.09966155040991934,0.05889661717139698
2004-02-17 07:22:39,0.12029093778164797,0.09477126415427765,0.0990076601747559,0.06002309401413785
2004-02-17 07:32:39,0.16690034023478453,0.09743625916880526,0.10435650151367776,0.0642509659865636
2004-02-17 07:42:39,0.17176579278958712,0.09827539580473424,0.10413893821740965,0.06458841318933546
2004-02-17 07:52:39,0.17375806605961458,0.09769505237201924,0.10059727947283567,0.06479201965389415
2004-02-17 08:02:39,0.17178235147458712,0.09800357178701125,0.10265264823547106,0.06485738541894072
2004-02-17 08:12:39,0.16910528478915227,0.0969147041771093,0.10071971509510104,0.06467142629154654
2004-02-17 08:22:39,0.17369563548858274,0.09788119236472935,0.10144342557414165,0.06308576821345363
2004-02-17 08:32:39,0.1686033451405332,0.09799736560844194,0.10270372120014373,0.06504562173490402
2004-02-17 08:42:39,0.16686957292415253,0.09840317337613992,0.10379606837330756,0.06408136780904676
2004-02-17 08:52:39,0.172527309980467,0.0976251747244405,0.10144149098166216,0.0644720652652782
2004-02-17 09:02:39,0.16982891578799664,0.10223539972476589,0.1030840089727966,0.06419756315921823
2004-02-17 09:12:39,0.16881952199723055,0.09682983221637392,0.10040801278628614,0.06422510722198654
2004-02-17 09:22:39,0.16849599385827083,0.09767191144473336,0.10257423913873015,0.06527932522828996
2004-02-17 09:32:39,0.1695100125874597,0.09786067920667492,0.10132453387554247,0.06470522129152993
2004-02-17 09:42:39,0.1699393050496323,0.09774627608757645,0.10029821908001452,0.0636165231268325
2004-02-17 09:52:39,0.1650992904935414,0.09733440263757374,0.1027167087287316,0.06489637606182874
2004-02-17 10:02:39,0.1655307341446952,0.0976525441845331,0.10016509346827993,0.0641695640155411
2004-02-17 10:12:39,0.16499903759224627,0.09722258315497458,0.10133913264704102,0.06471186385433605
2004-02-17 10:22:39,0.16810077106276486,0.09722961949013578,0.10201733240073291,0.0638987025815933
2004-02-17 10:32:39,0.16410248837466293,0.09706115930654227,0.10097127221340327,0.06516036215770496
2004-02-17 10:42:39,0.1651680671461797,0.09647791729111026,0.09980171757636704,0.06336588369590776
2004-02-17 10:52:39,0.16413047859733448,0.09745273118878266,0.09926138744866651,0.06442141383481571
2004-02-17 11:02:39,0.1638330665494748,0.09784181594946248,0.10119476994360266,0.06390889677705382
2004-02-17 11:12:39,0.16321133924117318,0.09752581396166952,0.10218053800403616,0.06559619042483998
2004-02-17 11:22:39,0.1684827030053033,0.09862853278771522,0.10300918588920842,0.06486203510399535
2004-02-17 11:32:39,0.16697751262124427,0.09753801358919767,0.1010969028642258,0.06545533663348932
2004-02-17 11:42:39,0.16564094600758242,0.09827257351871632,0.10226432246870318,0.06537416712756974
2004-02-17 11:52:39,0.16415599080108093,0.09759293256854455,0.0993153797530914,0.0646798110156875
2004-02-17 12:02:39,0.16524736720381175,0.097683925865661,0.09983899999115745,0.06359445878566476
2004-02-17 12:12:39,0.16630989463577442,0.09776094243267838,0.10096998024651675,0.06524810121859834
2004-02-17 12:22:39,0.15754942705057065,0.09786475977900261,0.10261530145537734,0.06433904658657688
2004-02-17 12:32:39,0.16212734874413173,0.09829967703507703,0.10083894629796035,0.0641361510490023
2004-02-17 12:42:39,0.1558293952683783,0.09722760808441747,0.10092699182378116,0.06385200137806468
2004-02-17 12:52:39,0.15679358573227264,0.09837607181841126,0.10147603588377162,0.06458672533959504
2004-02-17 13:02:39,0.15418003811940031,0.0979654844541841,0.10155686493906158,0.06283961627743449
2004-02-17 13:12:39,0.15503072284433178,0.0972360333615872,0.10157919101599133,0.06314668737295755
2004-02-17 13:22:39,0.15479683479169218,0.09834781785092575,0.10028980736447828,0.06479304950851233
2004-02-17 13:32:39,0.1450705055638465,0.09662764234270746,0.10122697314835591,0.06349680680812124
2004-02-17 13:42:39,0.1425164383568231,0.09536788811594547,0.1000991295375075,0.06370272873529573
2004-02-17 13:52:39,0.14809152923217367,0.09704480297200961,0.10222814548920765,0.06436850327662555
2004-02-17 14:02:39,0.14527420573957484,0.09773986047763626,0.09941331734928656,0.0638318662869073
2004-02-17 14:12:39,0.1439167694371332,0.09723450645510899,0.10070831618818984,0.06387149405119358
2004-02-17 14:22:39,0.13973007853852107,0.09835178462410842,0.10169011570843338,0.06337392760383816
2004-02-17 14:32:39,0.1394130441344977,0.09842295653437479,0.0991181267328221,0.06376769910536097
2004-02-17 14:42:39,0.139766477545654,0.09805493038855602,0.10136893397117223,0.06286288353297496
2004-02-17 14:52:39,0.14242442566918986,0.09775481426057085,0.10117383109694399,0.06232793297602544
2004-02-17 15:02:39,0.13857154065142557,0.09854817061091667,0.10229220736823517,0.06368878428125918
2004-02-17 15:12:39,0.14059572753641633,0.09782906172819543,0.10231103521685664,0.06444919105351528
2004-02-17 15:22:39,0.1344805900603635,0.09847753596184096,0.10149903402930625,0.06251298063356728
2004-02-17 15:32:39,0.14053861080850616,0.09815907255859119,0.10003415574708,0.06375018883495949
2004-02-17 15:42:39,0.13955756318823861,0.09788998190345348,0.10223661169912357,0.06246282472698983
2004-02-17 15:52:39,0.13509760963506298,0.0976544645822921,0.10069069541604315,0.0633998142897532
2004-02-17 16:02:39,0.13566008666595553,0.09825673590989863,0.09837245448675219,0.06340432865377366
2004-02-17 16:12:39,0.13497422190238118,0.09730010240098692,0.10102666784855789,0.0633316874239464
2004-02-17 16:22:39,0.1318940557622196,0.09849763286924103,0.10271828582337376,0.06363035986398885
2004-02-17 16:32:39,0.1285193573214125,0.09651354793401426,0.10041627139034515,0.06224700501456175
2004-02-17 16:42:39,0.12588803052826222,0.09648784050035575,0.10028877538725472,0.062103934077179755
2004-02-17 16:52:39,0.12576329771092018,0.09838047597282343,0.09997382635154521,0.06269810363810412
2004-02-17 17:02:39,0.12436183717772135,0.09897737211815434,0.10113988690173732,0.06352886313321358
2004-02-17 17:12:39,0.12275143975812866,0.09583009368566592,0.10136680550969915,0.06180026352616083
2004-02-17 17:22:39,0.1205130188578971,0.09762742352391147,0.10117383857785935,0.062253313351134106
2004-02-17 17:32:39,0.11666609483674874,0.09792094365661456,0.10481327887666889,0.06359768287334636
2004-02-17 17:42:39,0.11792605468161864,0.0970820129183915,0.10168262712007367,0.06140488132994864
2004-02-17 17:52:39,0.1128611491880387,0.09659037641229848,0.10054041922162753,0.06221948583207572
2004-02-17 18:02:39,0.11249215087288626,0.09659518500980507,0.0992611577130682,0.06015651371944746
2004-02-17 18:12:39,0.11131760950561344,0.09704448873877407,0.10174220939087622,0.06119434443165033
2004-02-17 18:22:39,0.11111957430155428,0.0966585833359173,0.09906049484899872,0.06103975749236153
2004-02-17 18:32:39,0.11086903828207524,0.09698660390979753,0.1022985236397095,0.06308552245728166
2004-02-17 18:42:39,0.11016165070743203,0.09811756292879321,0.10373818706550392,0.06119997097296814
2004-02-17 18:52:39,0.1100368823811112,0.0976847069293322,0.10050186167629141,0.061139073256199154
2004-02-17 19:02:39,0.1070064497682567,0.09725252347839698,0.10104617996187168,0.06242836609745862
2004-02-17 19:12:39,0.1072867514808453,0.09690664626704965,0.10024625546109632,0.06187781317143526
2004-02-17 19:22:39,0.10782039876825912,0.09791354232481975,0.10120297640737937,0.0605557074177513
2004-02-17 19:32:39,0.10573928331023738,0.09816950430140678,0.09972889688387952,0.06051834992197956
2004-02-17 19:42:39,0.10385514130512084,0.0995592712342539,0.10311922251194175,0.06076252888298574
2004-02-17 19:52:39,0.10679002403712301,0.09873407096031692,0.10164226030320705,0.061492610765591135
2004-02-17 20:02:39,0.10529923458941873,0.09880461043155513,0.10502540227861705,0.06108675015487887
2004-02-17 20:12:39,0.10424232526230688,0.09745287549644951,0.10197337480154527,0.06164585181065474
2004-02-17 20:22:39,0.10346601622986286,0.09883273331873756,0.10352271578371815,0.06028528138863612
2004-02-17 20:32:39,0.10303341929905892,0.09799463896102091,0.10046492002812539,0.06141296025346846
2004-02-17 20:42:39,0.09932671827228724,0.09717862717877118,0.10096633687372403,0.060393471541663774
2004-02-17 20:52:39,0.10276132224755538,0.09858122549659824,0.10027260854887811,0.06127368222973806
2004-02-17 21:02:39,0.10150994680453145,0.09959007317466585,0.10045655921380453,0.06027525935228203
2004-02-17 21:12:39,0.100501135788799,0.0975198435135144,0.10096546633312221,0.06042717944618204
2004-02-17 21:22:39,0.09938109371101045,0.09826119709545357,0.1021410217285013,0.06077699328077669
2004-02-17 21:32:39,0.10260289575111649,0.09864597394320695,0.10243375400076572,0.06041698535786446
2004-02-17 21:42:39,0.10001330201093173,0.09830722860927259,0.10105866708055883,0.059318006209225595
2004-02-17 21:52:39,0.10276512887398119,0.0990003529107791,0.10048497760439842,0.06052599938370743
2004-02-17 22:02:39,0.10078765172272948,0.09662172024997111,0.10206325969677169,0.060369741095385065
2004-02-17 22:12:39,0.10071535044628667,0.09899380129068283,0.10520664919628006,0.06041321972090819
2004-02-17 22:22:39,0.10212342845013615,0.09780680423985372,0.10123287883207087,0.06066215674214384
2004-02-17 22:32:39,0.10275646646779613,0.097299113993224,0.10030418918317288,0.06016503256958175
2004-02-17 22:42:39,0.10324702202016778,0.0977335148942803,0.1001332519588712,0.06013228251902061
2004-02-17 22:52:39,0.1047412128347623,0.09748979570506126,0.10185364139702269,0.061248310067362026
2004-02-17 23:02:39,0.10545712973166292,0.09830220149364406,0.10215952684044637,0.060726930563859374
2004-02-17 23:12:39,0.10417791742227012,0.0973030715787488,0.10207685205173232,0.06027457722296522
2004-02-17 23:22:39,0.10513181799641909,0.09845619480769378,0.09996282745792301,0.06049162488707497
2004-02-17 23:32:39,0.10303133920436555,0.09651321299810173,0.09999475741909805,0.06011412271173743
2004-02-17 23:42:39,0.10615591171328746,0.09750666407252218,0.10431821956002903,0.06012356776303838
2004-02-17 23:52:39,0.10578806687670603,0.09908614491672746,0.10080682064536792,0.0600287611942487
2004-02-18 00:02:39,0.10624727787966483,0.09855040082619186,0.10305822956744526,0.05960105007610457
2004-02-18 00:12:39,0.1063720856544372,0.09783007547859636,0.10246082097539957,0.06055623317090017
2004-02-18 00:22:39,0.1059379726330823,0.09603726545092163,0.10043877151566206,0.05993649283205095
2004-02-18 00:32:39,0.1089151602596331,0.0976861268246053,0.10168823142801516,0.0609112536349068
2004-02-18 00:42:39,0.10742892794450037,0.09744676503217087,0.1005272678365943,0.05963611108546334
2004-02-18 00:52:39,0.10872731503454333,0.09818823771654203,0.10080499009294168,0.0601868974133501
2004-02-18 01:02:39,0.11020481688710511,0.09792198338384325,0.1029926791931408,0.060399638766334245
2004-02-18 01:12:39,0.10984978334579554,0.0982892995974247,0.10292251571177916,0.0619107795638405
2004-02-18 01:22:39,0.10856224200287527,0.09687072569640476,0.10183146947864632,0.0593759981450459
2004-02-18 01:32:39,0.10971603541937662,0.09718848562646777,0.10101595664666585,0.059250318762440864
2004-02-18 01:42:39,0.11021701112126434,0.09628652642328847,0.10133056663493673,0.05872511342870458
2004-02-18 01:52:39,0.10842864669627653,0.09828164926453631,0.10334706550282083,0.06042948528274647
2004-02-18 02:02:39,0.10878746227771667,0.09697552452073704,0.10168410043878554,0.05918779253276479
2004-02-18 02:12:39,0.10945778675098382,0.09761073185560783,0.10377965648644419,0.05972268015853457
2004-02-18 02:22:39,0.11022766726106431,0.09704372164311911,0.10253722072908672,0.059483773029876126
2004-02-18 02:32:39,0.11007500028959497,0.09963620750700629,0.10288314749357864,0.059465991628487896
2004-02-18 02:42:39,0.11049022092636723,0.09889750127078717,0.10216940650874382,0.06094085158547178
2004-02-18 02:52:39,0.1110843789426773,0.09789007568354387,0.10066601179135413,0.059036736417988546
2004-02-18 03:02:39,0.11180614558308503,0.09888318053513341,0.10296937824468248,0.06025171453939518
2004-02-18 03:12:39,0.11378132599861554,0.09871993550097007,0.10118205615000378,0.06039700435182646
2004-02-18 03:22:39,0.11121559003208531,0.09814557371738405,0.10074164601668217,0.060179386199639806
2004-02-18 03:32:39,0.11279983044372112,0.09930316244798798,0.10399393709297321,0.06003225812207233
2004-02-18 03:42:39,0.13761017062884923,0.09896396343070028,0.10358020222929672,0.06087714480097681
2004-02-18 03:52:39,0.1371616245371361,0.09959413363577632,0.10367421656718404,0.06169748549014324
2004-02-18 04:02:39,0.13582514762042291,0.10013949326432554,0.10435461226899179,0.06253970192689863
2004-02-18 04:12:39,0.14128131902009486,0.10231248278198661,0.10413968845103788,0.061590472462541554
2004-02-18 04:22:39,0.13924586776642217,0.09884022564017059,0.10292739710427855,0.06107353644860097
2004-02-18 04:32:39,0.14149514969281152,0.10147911144213333,0.10497177240387726,0.062351008603241505
2004-02-18 04:42:39,0.14546421949160682,0.09948789672029369,0.10487010304477958,0.06316917944457381
2004-02-18 04:52:39,0.1422525412341468,0.10113090663284238,0.10527888758948166,0.06178680133159492
2004-02-18 05:02:39,0.14847733339192984,0.10026173764671772,0.10264682804253004,0.06270157746650341
2004-02-18 05:12:39,0.1473447956101542,0.10118586403747223,0.10397962816998753,0.06268758129233898
2004-02-18 05:22:39,0.15021073840093344,0.10007956622683363,0.10309658602543588,0.06285993131860047
2004-02-18 05:32:39,0.15235198361194277,0.0997238890417321,0.10585519210409701,0.06130698303820329
2004-02-18 05:42:39,0.15797443129635075,0.0997215739161378,0.10557616019649525,0.06286566433695726
2004-02-18 05:52:39,0.15642990023391232,0.10072489327955646,0.1044259453648145,0.06299973220671713
2004-02-18 06:02:39,0.1585510808433163,0.1023171971300821,0.1042711200565879,0.06360784700871455
2004-02-18 06:12:39,0.1618553968537898,0.10100683942402215,0.10456890475935203,0.06355979124293018
2004-02-18 06:22:39,0.1632523292753247,0.10213572864465546,0.10459558260361877,0.06308569235810742
2004-02-18 06:32:39,0.16118176026396147,0.10116670563587259,0.10767866686406345,0.0648690270728082
2004-02-18 06:42:39,0.16386390441126664,0.10219234680682321,0.10488077982852866,0.06330538952095256
2004-02-18 06:52:39,0.16412610231110988,0.10162595033231589,0.10564725087877619,0.06390250926196167
2004-02-18 07:02:39,0.16523197096422385,0.10339065962399713,0.10429494156326727,0.06424774124048731
2004-02-18 07:12:39,0.16666071825574838,0.10208799579143067,0.10538249168707985,0.06376879336154512
2004-02-18 07:22:39,0.16766270210989953,0.10279203068498258,0.10575554923110889,0.06528394860160379
2004-02-18 07:32:39,0.16649571653409106,0.10103203861063861,0.10489336838610613,0.06481524637690254
2004-02-18 07:42:39,0.16422124070659627,0.10003589008765883,0.10635392508380441,0.06312710006978667
2004-02-18 07:52:39,0.1702858113058926,0.10184727284366853,0.1062745408878343,0.06451978515085051
2004-02-18 08:02:39,0.17362929332506527,0.10353940986402226,0.1047567650941917,0.06513742267098362
2004-02-18 08:12:39,0.1729902471715824,0.10164240682980492,0.10585460279763,0.06488730516217737
2004-02-18 08:22:39,0.173269962081585,0.1028694324036683,0.10626843612581671,0.06573567088484752
2004-02-18 08:32:39,0.16848099563723096,0.10208586988567017,0.10812601341531429,0.06469707647701772
2004-02-18 08:42:39,0.16292787965671224,0.10207858254073697,0.10459204124852817,0.06374216866116343
2004-02-18 08:52:39,0.1610597777666991,0.1013569543202228,0.10561286151510182,0.06451445646915446
2004-02-18 09:02:39,0.16325179207172466,0.10211022606241218,0.10521345905541082,0.06473649820551082
2004-02-18 09:12:39,0.16557586024648074,0.10367602165724328,0.1067804673909114,0.06595791650992021
2004-02-18 09:22:39,0.17138065390138582,0.1030486997645777,0.1066212803190154,0.06487376474218079
2004-02-18 09:32:39,0.1615902752685939,0.10166722562770324,0.10508058801248527,0.0652787253101953
2004-02-18 09:42:39,0.1604898563581118,0.10086029429261648,0.10606121417098434,0.06470138259430572
2004-02-18 09:52:39,0.16264522754290253,0.10152888677296662,0.10557242486298103,0.06482473262016092
2004-02-18 10:02:39,0.15967486741607162,0.10162484327151246,0.10633886815557801,0.06479818647883478
2004-02-18 10:12:39,0.16523682418516805,0.10420760627856732,0.10811425382199288,0.06531048272122146
2004-02-18 10:22:39,0.16352623022046256,0.10167530078819842,0.10451609092559062,0.06421810445422943
2004-02-18 10:32:39,0.16181633356038,0.1022743868119656,0.10593715400952894,0.06485906923668527
2004-02-18 10:42:39,0.16014525762635598,0.10125635393093747,0.10438238154137335,0.06363034106246616
2004-02-18 10:52:39,0.1536252974550902,0.10282664020304304,0.10591802863756616,0.06507963246999637
2004-02-18 11:02:39,0.15118279809348986,0.1003275128976627,0.10775554683597324,0.06368786039503406
2004-02-18 11:12:39,0.1498197360765033,0.10109987548695452,0.10579719023303105,0.06368387104610987
2004-02-18 11:22:39,0.14933836435332992,0.10156596379790511,0.10556142067922912,0.06542802500740749
2004-02-18 11:32:39,0.14980757226014915,0.10211669632792253,0.10703551145729831,0.06412962093802191
2004-02-18 11:42:39,0.1498666361903147,0.10122904497649315,0.10635762149273678,0.0647167450713606
2004-02-18 11:52:39,0.1671795542801366,0.1037261646936434,0.1076045575598758,0.06747029339093105
2004-02-18 12:02:39,0.169999363335138,0.1033520749622091,0.10739975288278446,0.06627618090151526
2004-02-18 12:12:39,0.1603702172243542,0.1048726991243761,0.10904633276988761,0.06704976604373686
2004-02-18 12:22:39,0.15943175268388557,0.10464473905638223,0.10786784753965623,0.06839198381655402
2004-02-18 12:32:39,0.15940233713235205,0.10395463712792918,0.10823778448009562,0.06743272659362354
2004-02-18 12:42:39,0.15437480272313367,0.10495998902839437,0.11001697439491986,0.0672947703213493
2004-02-18 12:52:39,0.1502221952466541,0.10534883608524048,0.10835922465778333,0.06703447421613935
2004-02-18 13:02:39,0.15379131316901584,0.10551998303482109,0.1095236236699818,0.06700335027222537
2004-02-18 13:12:39,0.15559833761354594,0.10551494391240203,0.1102450561737906,0.06828086608754833
2004-02-18 13:22:39,0.15190124998035087,0.1055689558241922,0.10917632725607973,0.0677738838419492
2004-02-18 13:32:39,0.1502385267586302,0.10690493017128119,0.10903131556939819,0.06812274677632275
2004-02-18 13:42:39,0.15198138560169983,0.10715466382109665,0.10844645375347989,0.0683901135203441
2004-02-18 13:52:39,0.15546666940902043,0.10667841461483026,0.1091226427453285,0.06826932450946015
2004-02-18 14:02:39,0.15592118862226503,0.10808934683747037,0.11131159554291585,0.06809061823493602
2004-02-18 14:12:39,0.15534647272536417,0.10701431550878901,0.108261196169381,0.06960098304381948
2004-02-18 14:22:39,0.15444186230573148,0.10896983380247674,0.11310258436295596,0.0696119082092948
2004-02-18 14:32:39,0.15535604245330864,0.10708747444937025,0.11067205970812626,0.06841573452148106
2004-02-18 14:42:39,0.16366883864855766,0.10867249094682753,0.11222452673806252,0.07143764638590958
2004-02-18 14:52:39,0.15625014564180917,0.10909729974459985,0.10975522842449027,0.06940136940786752
2004-02-18 15:02:39,0.14539075404201704,0.1076379821527427,0.11142565370036576,0.06764157836845608
2004-02-18 15:12:39,0.13575204548158457,0.11024085293812906,0.1136811219171667,0.06977602340390716
2004-02-18 15:22:39,0.13196586453996154,0.11089831117583103,0.11415793632292526,0.06861266741492779
2004-02-18 15:32:39,0.12558158895766175,0.10832882863771416,0.11266681573445912,0.06915661949108373
2004-02-18 15:42:39,0.12250684370367251,0.11182525340541165,0.11493207092366807,0.06846717027837519
2004-02-18 15:52:39,0.12193470754444934,0.11054327927380778,0.11516057996421442,0.06870751269616444
2004-02-18 16:02:39,0.11888260196699059,0.11135008902684121,0.11316138173134609,0.06782992176060004
2004-02-18 16:12:39,0.12123415463479015,0.11299427588222143,0.11598605236821412,0.06794526913359461
2004-02-18 16:22:39,0.1202008010776792,0.11094781453316259,0.11511867842606853,0.06776963857289196
2004-02-18 16:32:39,0.12070030691776827,0.1105385491058203,0.11622646804666849,0.06756871630002109
2004-02-18 16:42:39,0.12602123831897008,0.11520991336217881,0.11712019215790273,0.06909944526976104
2004-02-18 16:52:39,0.12889903236622252,0.11301271466287516,0.1167349618617545,0.0689250423146697
2004-02-18 17:02:39,0.1438699524261209,0.11603790796025734,0.11935547180108588,0.06956804915024867
2004-02-18 17:12:39,0.1530559760138251,0.11488047191869948,0.11891173381746052,0.0683809330121296
2004-02-18 17:22:39,0.16624457980771912,0.11759079055413167,0.11913708614524879,0.07001521881537563
2004-02-18 17:32:39,0.17545704925037084,0.11906591298660484,0.1216713528783004,0.07182376252960695
2004-02-18 17:42:39,0.1828559075446317,0.11795013454826206,0.12282489519885374,0.0699226969866328
2004-02-18 17:52:39,0.18305012819204625,0.11937541649347808,0.12434241702537588,0.07170901526486985
2004-02-18 18:02:39,0.18434344241381265,0.11644826217493619,0.12050525114084122,0.07141521419827362
2004-02-18 18:12:39,0.17369524359729216,0.11746325173674427,0.1224430614052641,0.07086145026768609
2004-02-18 18:22:39,0.16510555999039872,0.1168884809899341,0.12248884824836982,0.06975690000911582
2004-02-18 18:32:39,0.1731792927429066,0.12061102736834553,0.12704773361815874,0.07126793124078307
2004-02-18 18:42:39,0.17769604846182488,0.11872041809536356,0.12438045636153357,0.07010191600010715
2004-02-18 18:52:39,0.17654299939748827,0.11935610122795118,0.12393504451347709,0.07212642106912714
2004-02-18 19:02:39,0.1930423845291961,0.12199518089390253,0.12648425344851527,0.07341726020760667
2004-02-18 19:12:39,0.17692195771038205,0.12301788853041404,0.12942054200627467,0.07363957596163867
2004-02-18 19:22:39,0.17101707640436262,0.1208272079070513,0.12784502477180815,0.07574862630715663
2004-02-18 19:32:39,0.17515972132599086,0.1211241399481846,0.1268434827058007,0.0755002827151843
2004-02-18 19:42:39,0.16994237238583434,0.12342032645110738,0.12941086406056185,0.07696502084907501
2004-02-18 19:52:39,0.1755234885811677,0.12582168102046315,0.12942868692553264,0.07766151054560809
2004-02-18 20:02:39,0.16958573380278535,0.12587048937969697,0.1330811860488916,0.07952454851242038
2004-02-18 20:12:39,0.18460171228174566,0.1280169524105979,0.13433518522470184,0.08291827809257728
2004-02-18 20:22:39,0.1796525240456326,0.12761820987069253,0.13490581233609117,0.08420903531679834
2004-02-18 20:32:39,0.1715728069575973,0.12963080239260888,0.13371434898823656,0.08215718779285576
2004-02-18 20:42:39,0.1692413674636317,0.13041481557810675,0.1378036416235406,0.08236958167759195
2004-02-18 20:52:39,0.1579727758818598,0.13071496741081418,0.1378539044057518,0.08104940171184209
2004-02-18 21:02:39,0.1509315816875339,0.12865840586482377,0.13801466394283995,0.07899890686894723
2004-02-18 21:12:39,0.15833657388123773,0.1290559824411022,0.13856532514833408,0.08090564066576368
2004-02-18 21:22:39,0.17050958400686814,0.13072206887134397,0.13959024988578864,0.08242908160244744
2004-02-18 21:32:39,0.16767578028243935,0.12647699222384412,0.13784553023076168,0.07707443403778731
2004-02-18 21:42:39,0.1796247859395096,0.12685982406446908,0.13700201308533053,0.08004731467421052
2004-02-18 21:52:39,0.19204914911949833,0.13022297397287227,0.1415765466124615,0.08059175944847301
2004-02-18 22:02:39,0.20000106047377425,0.12996403999559705,0.14282433156502583,0.08097878971080338
2004-02-18 22:12:39,0.2244593960162581,0.13018388621743984,0.14342323666569803,0.08241626415754014
2004-02-18 22:22:39,0.26593564599528263,0.1336580198960516,0.14185391785371926,0.08919119322376584
2004-02-18 22:32:39,0.20116299671564727,0.1330269520774,0.14372836774116557,0.08456356966402251
2004-02-18 22:42:39,0.1969140977003382,0.13088293768150763,0.14654298958088205,0.08849233914088453
2004-02-18 22:52:39,0.19560174532842534,0.13405303182899678,0.14881380008932713,0.08980416866931205
2004-02-18 23:02:39,0.1664757302378943,0.13041469707268122,0.14504349152684703,0.0847037575857642
2004-02-18 23:12:39,0.16240427576440788,0.13219523942719436,0.14661584104040915,0.0853332431748714
2004-02-18 23:22:39,0.17006197774122095,0.13303537979045288,0.14637035850779248,0.08844977619160567
2004-02-18 23:32:39,0.16308564149321358,0.13392921058864968,0.14813081240863768,0.08715214210690385
2004-02-18 23:42:39,0.19798241185044504,0.13529739710490543,0.1503560175980032,0.08862322593764295
2004-02-18 23:52:39,0.18848023818309423,0.13393779116056725,0.1503911435861301,0.0866624990389993
2004-02-19 00:02:39,0.21544188467915235,0.13569638863351574,0.15055972331497514,0.08968526441210165
2004-02-19 00:12:39,0.18384955910691708,0.13892830886346486,0.15649058623213197,0.08900377523155417
2004-02-19 00:22:39,0.163878478217346,0.13633150412699976,0.15566050912570753,0.08695709715117134
2004-02-19 00:32:39,0.15830748074518064,0.12886172570919419,0.15023881570103376,0.0849741926049189
2004-02-19 00:42:39,0.1612064310254861,0.12696572231627373,0.14825180895141238,0.0839534260352361
2004-02-19 00:52:39,0.1829390681921958,0.1357664887940569,0.15130690316137063,0.092428449686452
2004-02-19 01:02:39,0.21442992602128744,0.14294484247305997,0.1540870671373721,0.0995211657132446
2004-02-19 01:12:39,0.23729328957764073,0.1439362196730084,0.15240090434860218,0.10137948264776658
2004-02-19 01:22:39,0.1987587469871,0.13207845101499574,0.14433974541866415,0.09233455344163197
2004-02-19 01:32:39,0.23614869988514486,0.13643308691958328,0.1444354668432604,0.09543790888768543
2004-02-19 01:42:39,0.2029933232200929,0.12184967892895976,0.13519263799351244,0.08992159043515636
2004-02-19 01:52:39,0.22104688789215948,0.12188886597717456,0.12663085082816092,0.09400491954507856
2004-02-19 02:02:39,0.20722384953146536,0.12071243117260767,0.12165685653400483,0.0891697838621424
2004-02-19 02:12:39,0.26153429238451875,0.13503681897045725,0.1273824311044877,0.09953571108472405
2004-02-19 02:22:39,0.20162752435389114,0.1276950836041801,0.12214289724750696,0.09108502892496886
2004-02-19 02:32:39,0.22290393111817242,0.15855020848850568,0.1486280476480903,0.10179031187294288
2004-02-19 02:42:39,0.2592325576038287,0.1723264805230111,0.16392487491961968,0.11069369227930431
2004-02-19 02:52:39,0.2316589741763131,0.17788175824958768,0.1833630629173279,0.10630452659978444
2004-02-19 03:02:39,0.23457654533826083,0.13942390293001308,0.16490325541559947,0.09584194362654166
2004-02-19 03:12:39,0.24750302069112806,0.14020986098501553,0.15023924602592298,0.09154526169185058
2004-02-19 03:22:39,0.29719436239193814,0.17050437854404374,0.1644360171035677,0.10865676752760198
2004-02-19 03:32:39,0.29165598148120725,0.1767926582909686,0.163915386609918,0.11001614284773893
2004-02-19 03:42:39,0.34374362655176705,0.17537566885358158,0.16106295357228612,0.11697580344135919
2004-02-19 03:52:39,0.3148183151614775,0.14647515003778866,0.15002305127500568,0.10939368768452767
2004-02-19 04:02:39,0.32570689154238514,0.14834433376250467,0.15610570008523558,0.11879376310334447
2004-02-19 04:12:39,0.3530979362660473,0.1842224388555308,0.18384947185717773,0.13417171906837733
2004-02-19 04:22:39,0.42968759093327463,0.1909566500782108,0.18738540303859613,0.1424456039527138
2004-02-19 04:32:39,0.4155673279538448,0.16281613481033708,0.15540297919183008,0.12782141956103665
2004-02-19 04:42:39,0.37168508456749483,0.13660198140329738,0.12074615487737803,0.11739241666813957
2004-02-19 04:52:39,0.4476818936305804,0.19085535323303848,0.16521589469525655,0.12991112946046326
2004-02-19 05:02:39,0.6721468017564913,0.19106796521758762,0.17617783299637554,0.12464093612122643
2004-02-19 05:12:39,0.5309690451528165,0.1710776822611302,0.16043017714980978,0.146895744439252
2004-02-19 05:22:39,0.4459290186041752,0.17320012884821628,0.14948120090922773,0.14642163978221764
2004-02-19 05:32:39,0.38694430220944476,0.17670613765491072,0.13940969457870026,0.14340195333646574
2004-02-19 05:42:39,0.7250189098227484,0.21829947922524054,0.1705738897883644,0.14835469863558826
2004-02-19 05:52:39,0.462021364069333,0.17082007113902226,0.17787463372147502,0.11663210221861306
2004-02-19 06:02:39,0.4838472069101441,0.1936458027147213,0.1874093669324044,0.13058547259408204
2004-02-19 06:12:39,0.002103016140812987,0.004017899061305449,0.00395024354238353,0.002153674166998926
2004-02-19 06:22:39,0.001532705768247813,0.0012386503147682568,0.0011970510830676408,0.002124109554261688
